participant,item,condition,RT
S01,S01,ingroup,762.6813095863444
S01,S02,ingroup,733.7396935860388
S01,S03,ingroup,592.2962302896271
S01,S04,ingroup,664.5102288714827
S01,S05,ingroup,451.6287539081317
S01,S06,ingroup,442.0842641386224
S01,S07,ingroup,961.7602791282616
S01,S08,ingroup,657.5728316421726
S01,S09,ingroup,491.93733284658094
S01,S10,ingroup,1072.1872477034076
S01,S11,ingroup,928.7227631417572
S01,S12,ingroup,706.2182329215078
S01,S13,ingroup,884.7575574896595
S01,S14,ingroup,722.8687334919871
S01,S15,ingroup,688.9060579964191
S01,S16,ingroup,1160.3859983780749
S01,S17,ingroup,670.4595671150811
S01,S18,ingroup,513.3681610034621
S01,S19,ingroup,759.5779694082031
S01,S20,ingroup,811.7799677350695
S01,S21,ingroup,1257.8740637317296
S01,S22,ingroup,806.4915718284275
S01,S23,ingroup,820.1251539450978
S01,S24,ingroup,548.1814714508239
S01,S25,ingroup,705.5460855494678
S01,S26,outgroup,781.684357457039
S01,S27,outgroup,938.1841428712203
S01,S28,outgroup,1090.5086733001294
S01,S29,outgroup,960.3463456256784
S01,S30,outgroup,1068.1368667749314
S01,S31,outgroup,655.5495420923291
S01,S32,outgroup,981.6759581048506
S01,S33,outgroup,868.1185519384942
S01,S34,outgroup,495.3654532165334
S01,S35,outgroup,787.1596462649536
S01,S36,outgroup,728.1693762744367
S01,S37,outgroup,1054.4941283787457
S01,S38,outgroup,635.1583906237865
S01,S39,outgroup,795.0795412546157
S01,S40,outgroup,668.9520226827304
S01,S41,outgroup,744.5371822940194
S01,S42,outgroup,853.2532837679614
S01,S43,outgroup,702.5272976900721
S01,S44,outgroup,1003.7275517718417
S01,S45,outgroup,496.40284945675984
S01,S46,outgroup,526.9233671630965
S01,S47,outgroup,1110.517960621417
S01,S48,outgroup,651.4330031819178
S01,S49,outgroup,866.527107773099
S01,S50,outgroup,787.3932701761677
S02,S01,ingroup,866.0120810920379
S02,S02,ingroup,1186.7141411998134
S02,S03,ingroup,1084.715415716828
S02,S04,ingroup,895.6889220557077
S02,S05,ingroup,403.5615327079731
S02,S06,ingroup,1268.1428652586292
S02,S07,ingroup,1006.6555755686151
S02,S08,ingroup,1001.5794616243151
S02,S09,ingroup,877.6306215243353
S02,S10,ingroup,911.8386316393145
S02,S11,ingroup,922.315345143372
S02,S12,ingroup,949.5744055850547
S02,S13,ingroup,704.4994227823645
S02,S14,ingroup,383.03045153754556
S02,S15,ingroup,1121.810144963662
S02,S16,ingroup,1134.6023343999282
S02,S17,ingroup,771.2046831281992
S02,S18,ingroup,659.0969637545234
S02,S19,ingroup,1028.3939747646496
S02,S20,ingroup,872.8182963398425
S02,S21,ingroup,561.1225263849275
S02,S22,ingroup,897.2452940157768
S02,S23,ingroup,714.1531499048236
S02,S24,ingroup,606.9061663800868
S02,S25,ingroup,652.5196053256437
S02,S26,outgroup,1244.5219773646427
S02,S27,outgroup,809.6938471287988
S02,S28,outgroup,449.621021780912
S02,S29,outgroup,889.570578282676
S02,S30,outgroup,974.4543490405404
S02,S31,outgroup,799.9129189839348
S02,S32,outgroup,302.37674242012076
S02,S33,outgroup,791.3012833551959
S02,S34,outgroup,998.1810188809338
S02,S35,outgroup,766.2744751886588
S02,S36,outgroup,835.548581078448
S02,S37,outgroup,969.0048443706646
S02,S38,outgroup,646.3470954906797
S02,S39,outgroup,1195.7413335570286
S02,S40,outgroup,948.3691491644398
S02,S41,outgroup,1016.6841407227982
S02,S42,outgroup,1074.9365074800412
S02,S43,outgroup,988.8370479589094
S02,S44,outgroup,757.1754282641582
S02,S45,outgroup,1065.876350572974
S02,S46,outgroup,431.75129342940477
S02,S47,outgroup,808.5923039140708
S02,S48,outgroup,898.7323870733048
S02,S49,outgroup,846.1719906184499
S02,S50,outgroup,1162.965294816628
S03,S01,ingroup,698.600994745729
S03,S02,ingroup,817.5979076070939
S03,S03,ingroup,640.6916693891753
S03,S04,ingroup,799.5625168317173
S03,S05,ingroup,886.943704053717
S03,S06,ingroup,885.081121698279
S03,S07,ingroup,279.8480022004647
S03,S08,ingroup,895.0868084440656
S03,S09,ingroup,842.4803104725704
S03,S10,ingroup,611.9883057008365
S03,S11,ingroup,1032.6179759759912
S03,S12,ingroup,674.8129435537988
S03,S13,ingroup,614.9075421813011
S03,S14,ingroup,715.7788856263207
S03,S15,ingroup,1155.392854260129
S03,S16,ingroup,771.8892124507873
S03,S17,ingroup,635.7408979791164
S03,S18,ingroup,559.157158867467
S03,S19,ingroup,720.9640208166053
S03,S20,ingroup,581.0191613799565
S03,S21,ingroup,743.2045940894607
S03,S22,ingroup,862.9196586873599
S03,S23,ingroup,557.0667012490028
S03,S24,ingroup,1092.1581615344662
S03,S25,ingroup,802.2613159491527
S03,S26,outgroup,1025.2157004958576
S03,S27,outgroup,333.3761096627416
S03,S28,outgroup,834.2045868943349
S03,S29,outgroup,502.1635096681872
S03,S30,outgroup,1021.0606065049935
S03,S31,outgroup,991.9849413799038
S03,S32,outgroup,713.9358121257951
S03,S33,outgroup,1099.5300011273932
S03,S34,outgroup,659.1138090711727
S03,S35,outgroup,577.3769207727933
S03,S36,outgroup,570.2505448981309
S03,S37,outgroup,638.4856285196825
S03,S38,outgroup,987.9564651049108
S03,S39,outgroup,978.4070058349322
S03,S40,outgroup,1065.7504495792014
S03,S41,outgroup,712.4789256561664
S03,S42,outgroup,858.6696701111981
S03,S43,outgroup,908.254601096867
S03,S44,outgroup,562.946133584574
S03,S45,outgroup,1104.2499480983179
S03,S46,outgroup,773.9544657969548
S03,S47,outgroup,985.9509029697083
S03,S48,outgroup,1056.1745155102185
S03,S49,outgroup,784.5637089067168
S03,S50,outgroup,812.9900803301321
S04,S01,ingroup,1014.803548538826
S04,S02,ingroup,691.4169490386174
S04,S03,ingroup,1213.6023011651364
S04,S04,ingroup,937.0811558264609
S04,S05,ingroup,1243.3747951133366
S04,S06,ingroup,1122.9901809737946
S04,S07,ingroup,941.7725838245716
S04,S08,ingroup,1058.6952722937472
S04,S09,ingroup,727.3379251384972
S04,S10,ingroup,926.3553425450888
S04,S11,ingroup,1215.8500980604144
S04,S12,ingroup,937.188269205464
S04,S13,ingroup,745.6584846388935
S04,S14,ingroup,577.8527514488219
S04,S15,ingroup,968.9951018400563
S04,S16,ingroup,1096.4227163272508
S04,S17,ingroup,788.0949058049389
S04,S18,ingroup,937.4899875024452
S04,S19,ingroup,693.0548077567889
S04,S20,ingroup,1032.5597858134818
S04,S21,ingroup,1221.2836066645966
S04,S22,ingroup,1248.1642188521519
S04,S23,ingroup,1055.0908577617965
S04,S24,ingroup,353.0792192035176
S04,S25,ingroup,1032.1770735694388
S04,S26,outgroup,1027.4318860956869
S04,S27,outgroup,857.551366895358
S04,S28,outgroup,857.1327680754212
S04,S29,outgroup,729.6358693636963
S04,S30,outgroup,1109.976544216874
S04,S31,outgroup,983.9692257894694
S04,S32,outgroup,618.6556093815366
S04,S33,outgroup,898.2186422884199
S04,S34,outgroup,1209.2776471651036
S04,S35,outgroup,763.6740271052453
S04,S36,outgroup,1054.0455079756125
S04,S37,outgroup,1098.4689963404958
S04,S38,outgroup,936.8297337261466
S04,S39,outgroup,958.2326332465077
S04,S40,outgroup,895.8100226476694
S04,S41,outgroup,1075.451022012439
S04,S42,outgroup,707.7346470902836
S04,S43,outgroup,1045.6943033374257
S04,S44,outgroup,927.3282471787968
S04,S45,outgroup,432.61673773621635
S04,S46,outgroup,602.3253608261584
S04,S47,outgroup,1153.0654873272279
S04,S48,outgroup,963.9219084519599
S04,S49,outgroup,1092.3640108524778
S04,S50,outgroup,1388.6785753758247
S05,S01,ingroup,868.088404818186
S05,S02,ingroup,773.5736378561112
S05,S03,ingroup,632.5707217762902
S05,S04,ingroup,712.4912523353014
S05,S05,ingroup,965.3674541818538
S05,S06,ingroup,677.0378245899946
S05,S07,ingroup,427.7074094757519
S05,S08,ingroup,651.3659428880186
S05,S09,ingroup,285.7090175340563
S05,S10,ingroup,559.9456332611093
S05,S11,ingroup,225.90543294261545
S05,S12,ingroup,917.4163658082703
S05,S13,ingroup,446.62062680597353
S05,S14,ingroup,360.25671474270735
S05,S15,ingroup,679.559280446801
S05,S16,ingroup,742.2774195323522
S05,S17,ingroup,757.8012878523693
S05,S18,ingroup,812.5257648049032
S05,S19,ingroup,574.6176482783669
S05,S20,ingroup,398.28232789747756
S05,S21,ingroup,619.2022143168224
S05,S22,ingroup,741.5822040043388
S05,S23,ingroup,464.77744781055526
S05,S24,ingroup,450.51215089098224
S05,S25,ingroup,439.48206806136193
S05,S26,outgroup,679.2041891026121
S05,S27,outgroup,698.6637308911082
S05,S28,outgroup,538.5209747039112
S05,S29,outgroup,614.3220953521502
S05,S30,outgroup,1071.502016481014
S05,S31,outgroup,946.5679577140407
S05,S32,outgroup,899.4194890667408
S05,S33,outgroup,531.7286294668368
S05,S34,outgroup,713.9202555470124
S05,S35,outgroup,806.1565639812195
S05,S36,outgroup,640.852441138781
S05,S37,outgroup,227.94096516429522
S05,S38,outgroup,749.58037179105
S05,S39,outgroup,392.3672317496583
S05,S40,outgroup,584.1763203566136
S05,S41,outgroup,936.9952676676871
S05,S42,outgroup,788.2147265576677
S05,S43,outgroup,959.4471522475047
S05,S44,outgroup,791.2103193046726
S05,S45,outgroup,608.2240830475206
S05,S46,outgroup,443.8941239256271
S05,S47,outgroup,1033.105598822839
S05,S48,outgroup,755.8410446936628
S05,S49,outgroup,533.3429140024587
S05,S50,outgroup,928.8895291678182
S06,S01,ingroup,792.0386921409414
S06,S02,ingroup,1021.0892261222305
S06,S03,ingroup,439.8170556309253
S06,S04,ingroup,676.7157053711438
S06,S05,ingroup,570.3830207839385
S06,S06,ingroup,486.4978500512285
S06,S07,ingroup,592.9349403985552
S06,S08,ingroup,627.1972912149081
S06,S09,ingroup,961.6933955170014
S06,S10,ingroup,463.32807598963143
S06,S11,ingroup,670.5757976365437
S06,S12,ingroup,788.9615546919661
S06,S13,ingroup,802.5220482084293
S06,S14,ingroup,295.66865376576254
S06,S15,ingroup,615.6440355685393
S06,S16,ingroup,728.3962347231329
S06,S17,ingroup,829.5224296044263
S06,S18,ingroup,652.5407845819764
S06,S19,ingroup,406.96581147487296
S06,S20,ingroup,1016.6031174623248
S06,S21,ingroup,987.7989095357304
S06,S22,ingroup,547.7634802332572
S06,S23,ingroup,620.2184892828465
S06,S24,ingroup,116.22492260249192
S06,S25,ingroup,790.7974595401449
S06,S26,outgroup,907.8676949393157
S06,S27,outgroup,249.96886450390923
S06,S28,outgroup,316.31474110898756
S06,S29,outgroup,423.4012433024767
S06,S30,outgroup,487.097680563024
S06,S31,outgroup,291.9258794600127
S06,S32,outgroup,681.8583281234206
S06,S33,outgroup,314.54273539288005
S06,S34,outgroup,580.5847033589938
S06,S35,outgroup,598.3208141200489
S06,S36,outgroup,517.0499851003765
S06,S37,outgroup,736.7471166591563
S06,S38,outgroup,580.0005485407534
S06,S39,outgroup,548.3585741028567
S06,S40,outgroup,780.2145773448106
S06,S41,outgroup,489.9601987550743
S06,S42,outgroup,924.141937046059
S06,S43,outgroup,641.9937622610561
S06,S44,outgroup,804.9846890752776
S06,S45,outgroup,575.8207595461228
S06,S46,outgroup,-68.32069787978662
S06,S47,outgroup,345.8328051664287
S06,S48,outgroup,566.5508163935499
S06,S49,outgroup,628.2616702383723
S06,S50,outgroup,191.8326285058243
S07,S01,ingroup,968.7480872014684
S07,S02,ingroup,720.3313845515911
S07,S03,ingroup,609.099320519326
S07,S04,ingroup,643.0252110468867
S07,S05,ingroup,562.1069395297299
S07,S06,ingroup,772.1539618661534
S07,S07,ingroup,967.3932709137698
S07,S08,ingroup,466.01444983819005
S07,S09,ingroup,671.7151776271251
S07,S10,ingroup,909.2483388627224
S07,S11,ingroup,856.8601419307968
S07,S12,ingroup,1290.7862246610798
S07,S13,ingroup,1025.9751534909892
S07,S14,ingroup,768.4486812244318
S07,S15,ingroup,917.496428743799
S07,S16,ingroup,878.8025330745459
S07,S17,ingroup,684.0486192832716
S07,S18,ingroup,1027.6353928309866
S07,S19,ingroup,1188.2655530097004
S07,S20,ingroup,1090.72315309877
S07,S21,ingroup,737.3944037805518
S07,S22,ingroup,565.3205995984803
S07,S23,ingroup,810.5591241562796
S07,S24,ingroup,755.5548038990382
S07,S25,ingroup,1146.3099211780088
S07,S26,outgroup,583.9169292877086
S07,S27,outgroup,912.5424033418045
S07,S28,outgroup,781.1689016625031
S07,S29,outgroup,1052.6681731998622
S07,S30,outgroup,879.9824557468021
S07,S31,outgroup,889.3637185782144
S07,S32,outgroup,614.5432799456285
S07,S33,outgroup,779.6587575627664
S07,S34,outgroup,775.3999675944544
S07,S35,outgroup,1212.075225968274
S07,S36,outgroup,1308.2358354327584
S07,S37,outgroup,787.2452731630581
S07,S38,outgroup,638.6505658074691
S07,S39,outgroup,545.5441683005175
S07,S40,outgroup,1016.1175119209507
S07,S41,outgroup,620.852520909483
S07,S42,outgroup,1288.7920560546936
S07,S43,outgroup,730.7626808575285
S07,S44,outgroup,918.8834671997782
S07,S45,outgroup,1559.084005934913
S07,S46,outgroup,573.7475132111213
S07,S47,outgroup,942.8090072119786
S07,S48,outgroup,692.2328648729421
S07,S49,outgroup,912.6721581491151
S07,S50,outgroup,747.9648364606699
S08,S01,ingroup,860.7926557964655
S08,S02,ingroup,850.7660736149097
S08,S03,ingroup,591.9495990291298
S08,S04,ingroup,1025.3293379642707
S08,S05,ingroup,1120.1291650655696
S08,S06,ingroup,1148.6043561597735
S08,S07,ingroup,659.9004061169123
S08,S08,ingroup,904.5921259103409
S08,S09,ingroup,1173.3957496118574
S08,S10,ingroup,648.1727955672396
S08,S11,ingroup,510.6906918144577
S08,S12,ingroup,739.4552833187195
S08,S13,ingroup,652.30119807801
S08,S14,ingroup,727.7700635998266
S08,S15,ingroup,904.6954508603093
S08,S16,ingroup,938.1528730361754
S08,S17,ingroup,809.6786334752026
S08,S18,ingroup,1045.778911902351
S08,S19,ingroup,887.9448767169115
S08,S20,ingroup,1180.9807311100806
S08,S21,ingroup,821.5010207856791
S08,S22,ingroup,1016.1525692548059
S08,S23,ingroup,724.4436211207916
S08,S24,ingroup,777.9014962135641
S08,S25,ingroup,935.4883614443389
S08,S26,outgroup,578.5225965840544
S08,S27,outgroup,878.6080731138763
S08,S28,outgroup,1038.2995673626808
S08,S29,outgroup,1017.9450052053044
S08,S30,outgroup,982.0018759675795
S08,S31,outgroup,790.1481003538333
S08,S32,outgroup,1145.539737344471
S08,S33,outgroup,966.7710956879171
S08,S34,outgroup,825.2578711737251
S08,S35,outgroup,1138.1579029879588
S08,S36,outgroup,732.798995590215
S08,S37,outgroup,949.0460208288346
S08,S38,outgroup,1171.519437473901
S08,S39,outgroup,1128.3636137668893
S08,S40,outgroup,919.5666319433294
S08,S41,outgroup,823.0715165892778
S08,S42,outgroup,970.6751965723894
S08,S43,outgroup,1078.3703179263834
S08,S44,outgroup,968.1715609337335
S08,S45,outgroup,1128.5063638614672
S08,S46,outgroup,850.1510124494929
S08,S47,outgroup,809.0243662814987
S08,S48,outgroup,1088.8648852395945
S08,S49,outgroup,470.57286353129115
S08,S50,outgroup,1068.8003918501124
S09,S01,ingroup,778.9058808705033
S09,S02,ingroup,699.3465180969323
S09,S03,ingroup,439.35107318596533
S09,S04,ingroup,778.2535387533941
S09,S05,ingroup,1065.9566854376362
S09,S06,ingroup,515.2896285559717
S09,S07,ingroup,302.28189589351047
S09,S08,ingroup,951.1450600973263
S09,S09,ingroup,675.4303719371553
S09,S10,ingroup,603.0216110821663
S09,S11,ingroup,607.4996804902117
S09,S12,ingroup,756.3057284886162
S09,S13,ingroup,820.1786088877432
S09,S14,ingroup,434.95759915298635
S09,S15,ingroup,698.2788804128368
S09,S16,ingroup,945.3633495239862
S09,S17,ingroup,678.8328387811712
S09,S18,ingroup,773.1565494353207
S09,S19,ingroup,670.1720407059782
S09,S20,ingroup,957.2290280625944
S09,S21,ingroup,604.3094591205586
S09,S22,ingroup,962.0509764797039
S09,S23,ingroup,896.7356517096488
S09,S24,ingroup,476.9616723778324
S09,S25,ingroup,948.9001178213916
S09,S26,outgroup,952.1857082859626
S09,S27,outgroup,861.9824518965248
S09,S28,outgroup,1046.630253100771
S09,S29,outgroup,328.5993920753816
S09,S30,outgroup,559.7731734175379
S09,S31,outgroup,592.7125561052358
S09,S32,outgroup,784.635003435593
S09,S33,outgroup,1107.261579485772
S09,S34,outgroup,1090.5954220776962
S09,S35,outgroup,746.8166098617817
S09,S36,outgroup,901.8571221771696
S09,S37,outgroup,698.803863626275
S09,S38,outgroup,848.3713150070259
S09,S39,outgroup,922.5711599136866
S09,S40,outgroup,668.1680395943866
S09,S41,outgroup,687.5011602786194
S09,S42,outgroup,712.0848474366551
S09,S43,outgroup,1093.848267996062
S09,S44,outgroup,596.4573526833133
S09,S45,outgroup,281.35454960438597
S09,S46,outgroup,856.3780658129893
S09,S47,outgroup,625.2564675493285
S09,S48,outgroup,733.5832840581975
S09,S49,outgroup,931.2753440136228
S09,S50,outgroup,677.1933999357531
S10,S01,ingroup,708.3964920559225
S10,S02,ingroup,1141.9025656275537
S10,S03,ingroup,865.5374463133461
S10,S04,ingroup,1062.7869281067549
S10,S05,ingroup,825.7521434445234
S10,S06,ingroup,533.7419514528822
S10,S07,ingroup,566.39508616599
S10,S08,ingroup,841.1150405418882
S10,S09,ingroup,1273.1325465297246
S10,S10,ingroup,846.6358851130857
S10,S11,ingroup,980.5432681682153
S10,S12,ingroup,924.4383735257862
S10,S13,ingroup,699.9853465812394
S10,S14,ingroup,369.79939655709126
S10,S15,ingroup,1451.8688254646822
S10,S16,ingroup,738.3942863852548
S10,S17,ingroup,765.7106694083413
S10,S18,ingroup,543.7647443270987
S10,S19,ingroup,842.8222434370973
S10,S20,ingroup,824.7775148653495
S10,S21,ingroup,849.1423068662582
S10,S22,ingroup,531.9094768828417
S10,S23,ingroup,1189.6239547170373
S10,S24,ingroup,1020.2953267229766
S10,S25,ingroup,1014.2322970612659
S10,S26,outgroup,587.9722705058608
S10,S27,outgroup,943.0489293961011
S10,S28,outgroup,645.6564444542191
S10,S29,outgroup,710.4014609588348
S10,S30,outgroup,1118.5748819598814
S10,S31,outgroup,675.7285446787528
S10,S32,outgroup,702.1438338154311
S10,S33,outgroup,697.3854276647222
S10,S34,outgroup,812.2566966816911
S10,S35,outgroup,387.87315106467906
S10,S36,outgroup,638.7444795233332
S10,S37,outgroup,924.2539200376704
S10,S38,outgroup,900.9086081006923
S10,S39,outgroup,705.8322670308178
S10,S40,outgroup,985.5083045232354
S10,S41,outgroup,312.9208617715452
S10,S42,outgroup,724.2447788016157
S10,S43,outgroup,1010.9744075553909
S10,S44,outgroup,725.3362771490323
S10,S45,outgroup,750.2297184757067
S10,S46,outgroup,437.3538256906145
S10,S47,outgroup,1011.3358149734656
S10,S48,outgroup,504.01556278207596
S10,S49,outgroup,738.8928752428842
S10,S50,outgroup,832.0496941686681
S11,S01,ingroup,493.7058977646623
S11,S02,ingroup,381.63109729668986
S11,S03,ingroup,830.7337651371022
S11,S04,ingroup,373.27717817742194
S11,S05,ingroup,608.8260075088449
S11,S06,ingroup,-121.95425263393878
S11,S07,ingroup,571.1154431456729
S11,S08,ingroup,692.6370478254235
S11,S09,ingroup,360.7564650721862
S11,S10,ingroup,648.1734815657037
S11,S11,ingroup,718.7757206376093
S11,S12,ingroup,758.0909106708879
S11,S13,ingroup,313.27073463960744
S11,S14,ingroup,160.3459852159164
S11,S15,ingroup,267.3261608855615
S11,S16,ingroup,463.54920011229075
S11,S17,ingroup,262.5825876438832
S11,S18,ingroup,744.776059646734
S11,S19,ingroup,611.5917832206618
S11,S20,ingroup,1017.1005347159355
S11,S21,ingroup,373.61462703106076
S11,S22,ingroup,830.5464740396508
S11,S23,ingroup,432.1294835102786
S11,S24,ingroup,81.16421923147783
S11,S25,ingroup,695.8174910929092
S11,S26,outgroup,292.5309066776161
S11,S27,outgroup,360.19610253265114
S11,S28,outgroup,319.4141805780452
S11,S29,outgroup,587.6261952159476
S11,S30,outgroup,417.34792617815174
S11,S31,outgroup,907.9611755378257
S11,S32,outgroup,335.678852085363
S11,S33,outgroup,658.0378827360692
S11,S34,outgroup,608.0097494855305
S11,S35,outgroup,260.3819640174929
S11,S36,outgroup,464.7724995700472
S11,S37,outgroup,420.9176551232802
S11,S38,outgroup,770.8305404090053
S11,S39,outgroup,982.9093037535324
S11,S40,outgroup,436.5915198933318
S11,S41,outgroup,756.6493407821399
S11,S42,outgroup,548.3386261610187
S11,S43,outgroup,246.0147469965645
S11,S44,outgroup,477.0490741392314
S11,S45,outgroup,620.8261233117685
S11,S46,outgroup,556.1184604269823
S11,S47,outgroup,124.4010395290394
S11,S48,outgroup,761.2431178259253
S11,S49,outgroup,705.7194494997083
S11,S50,outgroup,593.283597438831
S12,S01,ingroup,576.4400084012808
S12,S02,ingroup,1177.075828617539
S12,S03,ingroup,683.2199346617731
S12,S04,ingroup,892.8889735687652
S12,S05,ingroup,569.7391941073248
S12,S06,ingroup,433.60646437944416
S12,S07,ingroup,502.433129765988
S12,S08,ingroup,742.7422941180293
S12,S09,ingroup,1086.3173607326025
S12,S10,ingroup,1094.3978578785927
S12,S11,ingroup,1202.6854001307522
S12,S12,ingroup,1058.608532686591
S12,S13,ingroup,670.85146305206
S12,S14,ingroup,346.0639416737855
S12,S15,ingroup,792.5018972075611
S12,S16,ingroup,281.9852158084581
S12,S17,ingroup,704.016164047533
S12,S18,ingroup,1175.552597568094
S12,S19,ingroup,859.9582755134771
S12,S20,ingroup,1034.7598020194444
S12,S21,ingroup,939.4563409015668
S12,S22,ingroup,674.8588047528815
S12,S23,ingroup,1122.7470290392123
S12,S24,ingroup,593.2443670488436
S12,S25,ingroup,622.5452611111939
S12,S26,outgroup,846.0267770271457
S12,S27,outgroup,520.2015649406865
S12,S28,outgroup,891.4807270880736
S12,S29,outgroup,898.446783905936
S12,S30,outgroup,798.8641701283308
S12,S31,outgroup,847.3936978458376
S12,S32,outgroup,1015.4208825128519
S12,S33,outgroup,654.9171628820731
S12,S34,outgroup,635.3165336542418
S12,S35,outgroup,811.0699220994791
S12,S36,outgroup,712.9228500672507
S12,S37,outgroup,989.8588742897041
S12,S38,outgroup,791.9158775423945
S12,S39,outgroup,1163.3573443805421
S12,S40,outgroup,996.5481121543858
S12,S41,outgroup,374.1927087228706
S12,S42,outgroup,549.0419047471875
S12,S43,outgroup,1148.6972225096697
S12,S44,outgroup,1019.0773479703869
S12,S45,outgroup,587.8721221061287
S12,S46,outgroup,510.62676168076086
S12,S47,outgroup,1072.2847460758444
S12,S48,outgroup,735.5124532703744
S12,S49,outgroup,1187.7425099933685
S12,S50,outgroup,1261.1821214339705
S13,S01,ingroup,401.36391814191865
S13,S02,ingroup,587.9791003844225
S13,S03,ingroup,425.47227610414325
S13,S04,ingroup,1003.4985747136419
S13,S05,ingroup,510.6251811794862
S13,S06,ingroup,269.78031853856095
S13,S07,ingroup,1185.6822200545655
S13,S08,ingroup,1002.679170894555
S13,S09,ingroup,951.9057253390631
S13,S10,ingroup,585.1897692738262
S13,S11,ingroup,861.1047441877718
S13,S12,ingroup,897.5414071166566
S13,S13,ingroup,436.4715021255985
S13,S14,ingroup,540.3902407123737
S13,S15,ingroup,867.5613013135863
S13,S16,ingroup,1077.3785671351075
S13,S17,ingroup,869.5498193552543
S13,S18,ingroup,1074.372000286449
S13,S19,ingroup,836.2255872791071
S13,S20,ingroup,567.4300660230701
S13,S21,ingroup,748.0012922980613
S13,S22,ingroup,472.03647316777375
S13,S23,ingroup,934.1540479750529
S13,S24,ingroup,866.6357282358692
S13,S25,ingroup,779.4604012679573
S13,S26,outgroup,529.5661355942511
S13,S27,outgroup,935.20331168712
S13,S28,outgroup,640.4421165763406
S13,S29,outgroup,614.7304780326989
S13,S30,outgroup,988.389311428125
S13,S31,outgroup,686.9621346269503
S13,S32,outgroup,951.8057044345128
S13,S33,outgroup,592.7553791135449
S13,S34,outgroup,804.2151668080667
S13,S35,outgroup,798.3475858935844
S13,S36,outgroup,429.985594401306
S13,S37,outgroup,778.3184012463041
S13,S38,outgroup,703.1744696494854
S13,S39,outgroup,953.3877150633133
S13,S40,outgroup,633.5713747769055
S13,S41,outgroup,699.6777474643598
S13,S42,outgroup,986.4247691163827
S13,S43,outgroup,819.6920047701296
S13,S44,outgroup,939.4081475250616
S13,S45,outgroup,630.9575268888955
S13,S46,outgroup,467.7589584762337
S13,S47,outgroup,757.2183207776661
S13,S48,outgroup,546.721304849224
S13,S49,outgroup,202.026927314133
S13,S50,outgroup,1034.5500384907798
S14,S01,ingroup,489.8012876975017
S14,S02,ingroup,406.77421936085796
S14,S03,ingroup,889.5054284180837
S14,S04,ingroup,882.5494638372497
S14,S05,ingroup,663.7342987472813
S14,S06,ingroup,656.072287902512
S14,S07,ingroup,711.0974117861927
S14,S08,ingroup,1015.6970876537257
S14,S09,ingroup,948.8940057849597
S14,S10,ingroup,387.54216580716434
S14,S11,ingroup,948.921548556792
S14,S12,ingroup,933.8495480452002
S14,S13,ingroup,841.2523047043708
S14,S14,ingroup,95.25990312133155
S14,S15,ingroup,800.2223444007676
S14,S16,ingroup,1149.631331414748
S14,S17,ingroup,915.3630426323648
S14,S18,ingroup,490.95101667802527
S14,S19,ingroup,490.263309183534
S14,S20,ingroup,903.0333721128848
S14,S21,ingroup,796.0064485665746
S14,S22,ingroup,1012.1283727863561
S14,S23,ingroup,822.0298869570508
S14,S24,ingroup,614.3510929851385
S14,S25,ingroup,843.6177843438071
S14,S26,outgroup,861.0897459322683
S14,S27,outgroup,565.9455842370455
S14,S28,outgroup,1184.5675114282717
S14,S29,outgroup,511.6759521225661
S14,S30,outgroup,862.3720642758508
S14,S31,outgroup,832.1595316143131
S14,S32,outgroup,1184.1284864999648
S14,S33,outgroup,1065.6308021769182
S14,S34,outgroup,715.2813235883643
S14,S35,outgroup,763.2484325450386
S14,S36,outgroup,1032.2218629920974
S14,S37,outgroup,1248.0504096208747
S14,S38,outgroup,888.036981513198
S14,S39,outgroup,711.8297473288274
S14,S40,outgroup,696.6746351937638
S14,S41,outgroup,1220.3108664028728
S14,S42,outgroup,397.94580683390564
S14,S43,outgroup,1499.2345818250728
S14,S44,outgroup,824.5919750927551
S14,S45,outgroup,686.3499306296169
S14,S46,outgroup,807.2415365521432
S14,S47,outgroup,1048.1733405603202
S14,S48,outgroup,954.3773271444261
S14,S49,outgroup,432.1112965498084
S14,S50,outgroup,973.5249980265328
S15,S01,ingroup,880.9488254718572
S15,S02,ingroup,987.5818676274251
S15,S03,ingroup,567.8457930684781
S15,S04,ingroup,494.39811548148646
S15,S05,ingroup,802.4255877630837
S15,S06,ingroup,586.4830066713698
S15,S07,ingroup,726.7965520884177
S15,S08,ingroup,709.2903506491128
S15,S09,ingroup,807.4418457441341
S15,S10,ingroup,754.3057440255294
S15,S11,ingroup,1121.1412637067938
S15,S12,ingroup,1069.4533552708294
S15,S13,ingroup,632.3746486559295
S15,S14,ingroup,602.0406423055168
S15,S15,ingroup,1003.2636542393253
S15,S16,ingroup,1117.1437598291436
S15,S17,ingroup,828.4709226063632
S15,S18,ingroup,576.7124261267613
S15,S19,ingroup,953.0484322188664
S15,S20,ingroup,864.6741990860486
S15,S21,ingroup,1268.9969880035023
S15,S22,ingroup,972.235564729965
S15,S23,ingroup,722.3354697810288
S15,S24,ingroup,593.9276331479838
S15,S25,ingroup,789.5069295052398
S15,S26,outgroup,938.7692438466619
S15,S27,outgroup,928.872434560956
S15,S28,outgroup,971.5619662305012
S15,S29,outgroup,931.8358564049852
S15,S30,outgroup,866.1503809691992
S15,S31,outgroup,826.6246206638632
S15,S32,outgroup,1024.7700836739543
S15,S33,outgroup,924.5685480365704
S15,S34,outgroup,938.3156858692129
S15,S35,outgroup,1016.6159547157615
S15,S36,outgroup,1223.2600742432642
S15,S37,outgroup,683.7460272535485
S15,S38,outgroup,1230.1235352046497
S15,S39,outgroup,820.7078394460141
S15,S40,outgroup,1020.3770138930436
S15,S41,outgroup,937.3647268482729
S15,S42,outgroup,830.4018791881008
S15,S43,outgroup,1240.6601938134736
S15,S44,outgroup,818.8031715157783
S15,S45,outgroup,983.0583161161837
S15,S46,outgroup,846.8017629918578
S15,S47,outgroup,748.9230128022648
S15,S48,outgroup,1210.4729782319966
S15,S49,outgroup,479.39674550370233
S15,S50,outgroup,871.3106398113
S16,S01,ingroup,389.5512133728521
S16,S02,ingroup,801.5037115317109
S16,S03,ingroup,733.9822525090835
S16,S04,ingroup,651.8234620427643
S16,S05,ingroup,904.499244588334
S16,S06,ingroup,475.73051316784864
S16,S07,ingroup,918.7826556915657
S16,S08,ingroup,854.5798879495705
S16,S09,ingroup,937.0657291668738
S16,S10,ingroup,535.8203528024119
S16,S11,ingroup,887.9613270253792
S16,S12,ingroup,686.5716065353364
S16,S13,ingroup,404.4723539514331
S16,S14,ingroup,601.3093417437962
S16,S15,ingroup,1192.6950273285756
S16,S16,ingroup,614.7391561894624
S16,S17,ingroup,706.689315432134
S16,S18,ingroup,961.303675063951
S16,S19,ingroup,820.8748291888566
S16,S20,ingroup,1184.1673997616622
S16,S21,ingroup,968.9089681003226
S16,S22,ingroup,1274.7857222765833
S16,S23,ingroup,823.6950995416996
S16,S24,ingroup,362.01656368943713
S16,S25,ingroup,881.8011450261317
S16,S26,outgroup,622.0348759991892
S16,S27,outgroup,597.5603127640529
S16,S28,outgroup,655.8813697916825
S16,S29,outgroup,959.9677621513769
S16,S30,outgroup,913.6537512559192
S16,S31,outgroup,1082.934845939381
S16,S32,outgroup,986.2816087930275
S16,S33,outgroup,808.0797293646448
S16,S34,outgroup,326.68580055590155
S16,S35,outgroup,860.4530323242251
S16,S36,outgroup,1212.0600353323302
S16,S37,outgroup,791.569930119456
S16,S38,outgroup,535.708464881915
S16,S39,outgroup,825.9283031722472
S16,S40,outgroup,685.5869705699009
S16,S41,outgroup,789.9466948097363
S16,S42,outgroup,926.3898932247541
S16,S43,outgroup,1040.4807259178335
S16,S44,outgroup,903.0044873809017
S16,S45,outgroup,569.5419443050987
S16,S46,outgroup,917.4872474236975
S16,S47,outgroup,1110.2666945213027
S16,S48,outgroup,1323.295615671794
S16,S49,outgroup,703.7182426591436
S16,S50,outgroup,976.7435644711829
S17,S01,ingroup,1128.0901715826421
S17,S02,ingroup,930.8805148525539
S17,S03,ingroup,977.5895653801024
S17,S04,ingroup,1109.9749036459184
S17,S05,ingroup,938.9388580570671
S17,S06,ingroup,907.532493064776
S17,S07,ingroup,1171.4090213194893
S17,S08,ingroup,1080.2899024304272
S17,S09,ingroup,892.2430083165884
S17,S10,ingroup,467.0804770823488
S17,S11,ingroup,901.3979996703112
S17,S12,ingroup,966.664578663398
S17,S13,ingroup,386.8838723830037
S17,S14,ingroup,1204.4825585844815
S17,S15,ingroup,731.7101706881053
S17,S16,ingroup,703.7230793741458
S17,S17,ingroup,1229.7205671624404
S17,S18,ingroup,576.9998503300361
S17,S19,ingroup,1152.9783750527322
S17,S20,ingroup,918.1784952080594
S17,S21,ingroup,1104.1616812502066
S17,S22,ingroup,1177.661099786655
S17,S23,ingroup,753.740557305961
S17,S24,ingroup,639.1510384004188
S17,S25,ingroup,389.66434240523165
S17,S26,outgroup,822.2315730831356
S17,S27,outgroup,1082.506347301339
S17,S28,outgroup,1002.2856642588896
S17,S29,outgroup,1386.0915334056867
S17,S30,outgroup,1065.2930676183266
S17,S31,outgroup,1220.3584308571217
S17,S32,outgroup,1025.6649854056939
S17,S33,outgroup,952.5788188120858
S17,S34,outgroup,1164.4100979803134
S17,S35,outgroup,1001.6144886860635
S17,S36,outgroup,1011.6168636691447
S17,S37,outgroup,824.2970104355398
S17,S38,outgroup,1006.1571749704445
S17,S39,outgroup,1263.2177623491848
S17,S40,outgroup,1215.276946423554
S17,S41,outgroup,909.2399442405482
S17,S42,outgroup,864.8407090508022
S17,S43,outgroup,1177.2496714712547
S17,S44,outgroup,1273.2473787390159
S17,S45,outgroup,988.0435141110503
S17,S46,outgroup,899.6741474215486
S17,S47,outgroup,871.964748023081
S17,S48,outgroup,996.5575927612198
S17,S49,outgroup,713.3943044780464
S17,S50,outgroup,949.9573152907376
S18,S01,ingroup,805.8829765731143
S18,S02,ingroup,866.0840986460184
S18,S03,ingroup,388.00044798698997
S18,S04,ingroup,798.7750448864542
S18,S05,ingroup,669.2460149209828
S18,S06,ingroup,230.83902240303615
S18,S07,ingroup,830.1685839305871
S18,S08,ingroup,305.60308090178336
S18,S09,ingroup,425.71808607413334
S18,S10,ingroup,804.2060817398167
S18,S11,ingroup,641.7742082740779
S18,S12,ingroup,616.9185644577274
S18,S13,ingroup,254.9195586891222
S18,S14,ingroup,161.63747964679004
S18,S15,ingroup,789.1826832898751
S18,S16,ingroup,590.502189233399
S18,S17,ingroup,509.4253486097151
S18,S18,ingroup,437.707708376471
S18,S19,ingroup,475.24425907025255
S18,S20,ingroup,1083.739091271127
S18,S21,ingroup,637.2265347545546
S18,S22,ingroup,846.3782101636436
S18,S23,ingroup,791.9727425059334
S18,S24,ingroup,622.5073441009713
S18,S25,ingroup,737.5540754454464
S18,S26,outgroup,421.07045267510875
S18,S27,outgroup,461.66754558160153
S18,S28,outgroup,708.649984869205
S18,S29,outgroup,376.10922974671826
S18,S30,outgroup,814.9752809006666
S18,S31,outgroup,678.0183860788156
S18,S32,outgroup,588.1337156657928
S18,S33,outgroup,549.1317754977438
S18,S34,outgroup,625.699306171218
S18,S35,outgroup,741.3041404560313
S18,S36,outgroup,733.5790071162205
S18,S37,outgroup,597.9959108304491
S18,S38,outgroup,845.2879698731211
S18,S39,outgroup,1095.2347132600355
S18,S40,outgroup,735.8122107655946
S18,S41,outgroup,756.9679395932253
S18,S42,outgroup,711.4067320739878
S18,S43,outgroup,536.2084185007167
S18,S44,outgroup,535.2477641366625
S18,S45,outgroup,1004.8855736322381
S18,S46,outgroup,795.6878816702263
S18,S47,outgroup,853.6148480282018
S18,S48,outgroup,767.0292514430799
S18,S49,outgroup,764.1219526983955
S18,S50,outgroup,776.8917626974934
S19,S01,ingroup,730.1094728222866
S19,S02,ingroup,831.2019551905952
S19,S03,ingroup,502.8827206705723
S19,S04,ingroup,1379.6929114294867
S19,S05,ingroup,958.5790066636242
S19,S06,ingroup,655.9469643436478
S19,S07,ingroup,1053.398225224345
S19,S08,ingroup,705.4403860735808
S19,S09,ingroup,1160.1202364916696
S19,S10,ingroup,668.5202452871587
S19,S11,ingroup,428.47034904990494
S19,S12,ingroup,1075.8373248570476
S19,S13,ingroup,948.5726069666255
S19,S14,ingroup,439.78677201827736
S19,S15,ingroup,579.7455071169504
S19,S16,ingroup,401.32582200367176
S19,S17,ingroup,716.7280982302179
S19,S18,ingroup,480.54720826310967
S19,S19,ingroup,674.6301187170711
S19,S20,ingroup,852.0525570373446
S19,S21,ingroup,1016.4480610029573
S19,S22,ingroup,670.4043055467569
S19,S23,ingroup,753.0706735382993
S19,S24,ingroup,663.667538403436
S19,S25,ingroup,1165.1973543432605
S19,S26,outgroup,604.9713960787025
S19,S27,outgroup,467.8447078579238
S19,S28,outgroup,314.3883256923438
S19,S29,outgroup,874.0658333957108
S19,S30,outgroup,822.5818872923487
S19,S31,outgroup,1064.282025747395
S19,S32,outgroup,764.7795051275359
S19,S33,outgroup,910.8029147740478
S19,S34,outgroup,841.7097123317034
S19,S35,outgroup,695.714033233874
S19,S36,outgroup,643.3783037295143
S19,S37,outgroup,1022.0290805748964
S19,S38,outgroup,715.2705204543972
S19,S39,outgroup,1022.525184793653
S19,S40,outgroup,895.1522915290755
S19,S41,outgroup,1144.3134080035934
S19,S42,outgroup,923.1442592003015
S19,S43,outgroup,789.3892396063513
S19,S44,outgroup,843.873666186868
S19,S45,outgroup,721.0081034997982
S19,S46,outgroup,326.4015687950171
S19,S47,outgroup,1169.8157366815299
S19,S48,outgroup,1075.4292656051816
S19,S49,outgroup,638.8593765293735
S19,S50,outgroup,948.0605306968596
S20,S01,ingroup,562.297459259641
S20,S02,ingroup,352.1741671249127
S20,S03,ingroup,795.165777135472
S20,S04,ingroup,642.0076265748606
S20,S05,ingroup,627.1119467315497
S20,S06,ingroup,579.3713145561383
S20,S07,ingroup,404.2040137300246
S20,S08,ingroup,406.0146938945138
S20,S09,ingroup,600.3885806239653
S20,S10,ingroup,654.8206325275631
S20,S11,ingroup,699.7431832426207
S20,S12,ingroup,736.4111565709884
S20,S13,ingroup,581.3313576325567
S20,S14,ingroup,495.9361536083537
S20,S15,ingroup,373.4478756608254
S20,S16,ingroup,695.850672865188
S20,S17,ingroup,404.77927312113314
S20,S18,ingroup,546.3957023656351
S20,S19,ingroup,608.7618659585195
S20,S20,ingroup,281.9764716339637
S20,S21,ingroup,617.645382732016
S20,S22,ingroup,538.6339600874749
S20,S23,ingroup,426.2974916791527
S20,S24,ingroup,293.9669284615778
S20,S25,ingroup,862.7184785794924
S20,S26,outgroup,344.15980772668763
S20,S27,outgroup,544.8938402591972
S20,S28,outgroup,-11.618155654605118
S20,S29,outgroup,427.348508651325
S20,S30,outgroup,533.6102648112211
S20,S31,outgroup,1017.5938987939583
S20,S32,outgroup,399.8077458464371
S20,S33,outgroup,457.0121987176967
S20,S34,outgroup,316.6040502537232
S20,S35,outgroup,526.230645898221
S20,S36,outgroup,798.0532095747212
S20,S37,outgroup,329.1844587671027
S20,S38,outgroup,510.5444250495292
S20,S39,outgroup,961.6981286094401
S20,S40,outgroup,524.6289580260996
S20,S41,outgroup,724.3749310561968
S20,S42,outgroup,658.0661512330552
S20,S43,outgroup,395.1122623525465
S20,S44,outgroup,888.345035195346
S20,S45,outgroup,704.3687251717289
S20,S46,outgroup,446.1942626390988
S20,S47,outgroup,448.80224312614234
S20,S48,outgroup,583.8333274250764
S20,S49,outgroup,754.2593631382929
S20,S50,outgroup,558.0731391608792
S21,S01,ingroup,293.07616370166437
S21,S02,ingroup,704.144056068461
S21,S03,ingroup,805.5640452705787
S21,S04,ingroup,613.8324104524295
S21,S05,ingroup,696.8110485260762
S21,S06,ingroup,407.9573963810225
S21,S07,ingroup,780.3890990943204
S21,S08,ingroup,750.5995831225476
S21,S09,ingroup,757.3590852396669
S21,S10,ingroup,569.137177696912
S21,S11,ingroup,697.1033334803967
S21,S12,ingroup,923.510074109578
S21,S13,ingroup,689.3618896790035
S21,S14,ingroup,503.47048782594305
S21,S15,ingroup,165.39029928219747
S21,S16,ingroup,459.3151029609262
S21,S17,ingroup,869.3195748442745
S21,S18,ingroup,712.1774004811771
S21,S19,ingroup,542.0676711466394
S21,S20,ingroup,677.6811066366452
S21,S21,ingroup,716.4355728549766
S21,S22,ingroup,680.3159573440583
S21,S23,ingroup,823.3212461398806
S21,S24,ingroup,863.0615842916304
S21,S25,ingroup,965.2379577087629
S21,S26,outgroup,1027.9499845585335
S21,S27,outgroup,704.7786708905164
S21,S28,outgroup,834.4245290124862
S21,S29,outgroup,548.7486214686866
S21,S30,outgroup,788.8068207191241
S21,S31,outgroup,1328.9977223436624
S21,S32,outgroup,772.4271567634784
S21,S33,outgroup,753.1677206572513
S21,S34,outgroup,662.0686815495455
S21,S35,outgroup,827.304712754883
S21,S36,outgroup,1171.254084215024
S21,S37,outgroup,834.1039879992188
S21,S38,outgroup,726.2177295709532
S21,S39,outgroup,1285.974535886088
S21,S40,outgroup,688.5037921150545
S21,S41,outgroup,996.3603918825335
S21,S42,outgroup,678.6778168989879
S21,S43,outgroup,634.6233729550718
S21,S44,outgroup,1071.4099085698876
S21,S45,outgroup,368.16318638359996
S21,S46,outgroup,664.9661766995257
S21,S47,outgroup,815.485382567333
S21,S48,outgroup,756.2348671544869
S21,S49,outgroup,446.6265333783827
S21,S50,outgroup,725.4241638064063
S22,S01,ingroup,512.1060611397609
S22,S02,ingroup,1272.9537114196205
S22,S03,ingroup,435.413300216503
S22,S04,ingroup,580.0282919412956
S22,S05,ingroup,1039.5198420233764
S22,S06,ingroup,989.4809257055028
S22,S07,ingroup,873.4261993067523
S22,S08,ingroup,891.3313937084955
S22,S09,ingroup,1064.700657116578
S22,S10,ingroup,1128.9422350031302
S22,S11,ingroup,676.4609784799005
S22,S12,ingroup,1165.7163891301377
S22,S13,ingroup,863.132615185464
S22,S14,ingroup,628.5848348179387
S22,S15,ingroup,1216.6528163694818
S22,S16,ingroup,1057.9895631827483
S22,S17,ingroup,1127.924791028607
S22,S18,ingroup,890.9043830171413
S22,S19,ingroup,1094.56170043344
S22,S20,ingroup,980.2867472289179
S22,S21,ingroup,843.7077936616514
S22,S22,ingroup,1287.6470238156994
S22,S23,ingroup,911.9400773295176
S22,S24,ingroup,703.5445040525822
S22,S25,ingroup,1029.0098948546215
S22,S26,outgroup,951.5762673610092
S22,S27,outgroup,724.5017387670707
S22,S28,outgroup,749.8237765417775
S22,S29,outgroup,1361.156555620646
S22,S30,outgroup,897.036366131529
S22,S31,outgroup,927.5596481084649
S22,S32,outgroup,1016.7627112971661
S22,S33,outgroup,989.429540484274
S22,S34,outgroup,766.1550438176289
S22,S35,outgroup,551.4103355425034
S22,S36,outgroup,1014.4803787090563
S22,S37,outgroup,870.3454689767398
S22,S38,outgroup,969.8240350905428
S22,S39,outgroup,907.8567310860923
S22,S40,outgroup,608.751667853356
S22,S41,outgroup,878.7766942270963
S22,S42,outgroup,1335.9660678536566
S22,S43,outgroup,641.5223950443784
S22,S44,outgroup,725.6914596165532
S22,S45,outgroup,555.8084578076539
S22,S46,outgroup,748.4937273686259
S22,S47,outgroup,1183.5770688390878
S22,S48,outgroup,908.9388450826044
S22,S49,outgroup,818.0176384522074
S22,S50,outgroup,690.8828596691283
S23,S01,ingroup,674.827964714131
S23,S02,ingroup,933.647736395325
S23,S03,ingroup,1097.083855552621
S23,S04,ingroup,1102.4527054074765
S23,S05,ingroup,564.2469387811955
S23,S06,ingroup,545.6275083669193
S23,S07,ingroup,872.3764214188327
S23,S08,ingroup,768.9486793328022
S23,S09,ingroup,813.0195542294115
S23,S10,ingroup,425.0001585266012
S23,S11,ingroup,747.5275061807374
S23,S12,ingroup,557.797595550314
S23,S13,ingroup,476.480154807787
S23,S14,ingroup,390.9348747547589
S23,S15,ingroup,718.9273457212055
S23,S16,ingroup,707.1627188240548
S23,S17,ingroup,837.2855490244344
S23,S18,ingroup,685.5617282970114
S23,S19,ingroup,606.186957915481
S23,S20,ingroup,1082.6366072333517
S23,S21,ingroup,984.1824572697028
S23,S22,ingroup,913.8310621130254
S23,S23,ingroup,1057.8503194356751
S23,S24,ingroup,357.1944614517747
S23,S25,ingroup,1171.2405623968248
S23,S26,outgroup,1005.270926087598
S23,S27,outgroup,813.4123222768964
S23,S28,outgroup,771.6777664911926
S23,S29,outgroup,738.4876444993178
S23,S30,outgroup,775.7415269479898
S23,S31,outgroup,557.9190125262667
S23,S32,outgroup,904.7663113940935
S23,S33,outgroup,1223.949768963682
S23,S34,outgroup,1178.1215485058028
S23,S35,outgroup,688.2654612970193
S23,S36,outgroup,709.6962375696179
S23,S37,outgroup,769.3270630368393
S23,S38,outgroup,988.9119243457673
S23,S39,outgroup,1147.9331546969954
S23,S40,outgroup,907.1142508012108
S23,S41,outgroup,974.1652197603282
S23,S42,outgroup,738.7872572081714
S23,S43,outgroup,919.7728711196378
S23,S44,outgroup,1046.13241903867
S23,S45,outgroup,1437.2856302019
S23,S46,outgroup,697.0712287420217
S23,S47,outgroup,660.0084540114265
S23,S48,outgroup,915.1155858621037
S23,S49,outgroup,674.3186141730297
S23,S50,outgroup,962.0166074384547
S24,S01,ingroup,877.9260905442802
S24,S02,ingroup,1137.717614122461
S24,S03,ingroup,600.9871298516827
S24,S04,ingroup,746.3001374716173
S24,S05,ingroup,1199.6679489649173
S24,S06,ingroup,839.2124048055316
S24,S07,ingroup,714.3049082829162
S24,S08,ingroup,704.1042099066586
S24,S09,ingroup,795.3835665965598
S24,S10,ingroup,953.453924831648
S24,S11,ingroup,875.2801269078441
S24,S12,ingroup,1159.349407242447
S24,S13,ingroup,858.8623948307338
S24,S14,ingroup,721.792882481422
S24,S15,ingroup,946.6832433029613
S24,S16,ingroup,796.6825612251856
S24,S17,ingroup,824.9616651165564
S24,S18,ingroup,1166.5953284188874
S24,S19,ingroup,657.7376093411435
S24,S20,ingroup,1124.6585763257967
S24,S21,ingroup,863.1740659655645
S24,S22,ingroup,1069.3082685454247
S24,S23,ingroup,854.0750174892241
S24,S24,ingroup,431.4819990571395
S24,S25,ingroup,978.7598292639012
S24,S26,outgroup,793.4121653922738
S24,S27,outgroup,1137.998224318747
S24,S28,outgroup,642.3765970765178
S24,S29,outgroup,529.7753620396572
S24,S30,outgroup,788.2167182545605
S24,S31,outgroup,919.8732136024908
S24,S32,outgroup,752.1742400221667
S24,S33,outgroup,909.0803040668956
S24,S34,outgroup,802.2136914832629
S24,S35,outgroup,733.2701904532279
S24,S36,outgroup,957.9821165691939
S24,S37,outgroup,661.3108753166691
S24,S38,outgroup,1072.873855219024
S24,S39,outgroup,1013.0742565000702
S24,S40,outgroup,978.9918996450409
S24,S41,outgroup,505.1740222551458
S24,S42,outgroup,845.0686436532045
S24,S43,outgroup,870.2112430975225
S24,S44,outgroup,1139.5755329883884
S24,S45,outgroup,1148.6470405959942
S24,S46,outgroup,1115.2330244444315
S24,S47,outgroup,732.0824584919534
S24,S48,outgroup,827.8552493799574
S24,S49,outgroup,898.6917215500754
S24,S50,outgroup,784.1406344954837
S25,S01,ingroup,521.0727576776789
S25,S02,ingroup,1065.0131004758919
S25,S03,ingroup,838.8325179520718
S25,S04,ingroup,1142.5531654497204
S25,S05,ingroup,677.7985725128698
S25,S06,ingroup,758.3230635315119
S25,S07,ingroup,696.7960986427366
S25,S08,ingroup,785.2345242163875
S25,S09,ingroup,983.9564178263681
S25,S10,ingroup,704.6218467040233
S25,S11,ingroup,814.3048918864579
S25,S12,ingroup,662.0052684441584
S25,S13,ingroup,555.5079005881597
S25,S14,ingroup,542.3059237115451
S25,S15,ingroup,1322.805815547359
S25,S16,ingroup,757.330293317066
S25,S17,ingroup,668.1225551599736
S25,S18,ingroup,686.4573089142308
S25,S19,ingroup,927.6204595833975
S25,S20,ingroup,860.7622245447249
S25,S21,ingroup,1015.9835550113124
S25,S22,ingroup,898.0811178451725
S25,S23,ingroup,1071.5502225091307
S25,S24,ingroup,876.9215899215429
S25,S25,ingroup,1152.851481446361
S25,S26,outgroup,1001.9812460760107
S25,S27,outgroup,1168.1800250404883
S25,S28,outgroup,824.8003997057334
S25,S29,outgroup,1106.104139544037
S25,S30,outgroup,959.6101102447984
S25,S31,outgroup,930.1635943244543
S25,S32,outgroup,705.5278966901848
S25,S33,outgroup,847.002263762528
S25,S34,outgroup,803.7308103477303
S25,S35,outgroup,962.8218738456973
S25,S36,outgroup,914.1516753124848
S25,S37,outgroup,800.1605021467285
S25,S38,outgroup,773.358848323608
S25,S39,outgroup,1348.3103380248185
S25,S40,outgroup,971.4753344883345
S25,S41,outgroup,694.8485611430855
S25,S42,outgroup,851.5003314746272
S25,S43,outgroup,1032.188090488573
S25,S44,outgroup,1168.91240679864
S25,S45,outgroup,885.6841819749155
S25,S46,outgroup,923.5421284081335
S25,S47,outgroup,779.050501563804
S25,S48,outgroup,1178.5383298280703
S25,S49,outgroup,968.7641114222253
S25,S50,outgroup,1175.6517019171515
S26,S01,ingroup,1022.9757110261553
S26,S02,ingroup,814.1914093127293
S26,S03,ingroup,640.3561416808361
S26,S04,ingroup,737.8784574582925
S26,S05,ingroup,674.7955226988915
S26,S06,ingroup,515.1071102726933
S26,S07,ingroup,876.6922654540415
S26,S08,ingroup,529.2448527522863
S26,S09,ingroup,460.7058614529499
S26,S10,ingroup,605.8083172454867
S26,S11,ingroup,1101.5140437747682
S26,S12,ingroup,819.4695362016341
S26,S13,ingroup,615.1666236083227
S26,S14,ingroup,720.4573948109869
S26,S15,ingroup,783.4144517867503
S26,S16,ingroup,737.1249801048527
S26,S17,ingroup,777.0179163146357
S26,S18,ingroup,1056.9775683677074
S26,S19,ingroup,1087.927192303282
S26,S20,ingroup,1067.7301135194996
S26,S21,ingroup,1033.0451623898762
S26,S22,ingroup,892.1806097465908
S26,S23,ingroup,1145.6080912182028
S26,S24,ingroup,1013.1474195434886
S26,S25,ingroup,1079.0170833578936
S26,S26,outgroup,734.8399183433488
S26,S27,outgroup,562.7908194062964
S26,S28,outgroup,704.1937120828673
S26,S29,outgroup,633.9646914684449
S26,S30,outgroup,871.6974490392317
S26,S31,outgroup,781.8556293581169
S26,S32,outgroup,959.2929066842413
S26,S33,outgroup,1252.1688736522221
S26,S34,outgroup,971.7585010228472
S26,S35,outgroup,821.4628769612265
S26,S36,outgroup,757.5356941809023
S26,S37,outgroup,1187.887487203101
S26,S38,outgroup,762.601833814595
S26,S39,outgroup,1146.5249817764168
S26,S40,outgroup,1159.3813414877297
S26,S41,outgroup,802.1774542342858
S26,S42,outgroup,112.35099726147632
S26,S43,outgroup,773.0349188226216
S26,S44,outgroup,919.2149672793942
S26,S45,outgroup,467.3427392021456
S26,S46,outgroup,468.4296459269698
S26,S47,outgroup,993.7064495576749
S26,S48,outgroup,285.5542811719712
S26,S49,outgroup,820.9883635450257
S26,S50,outgroup,799.9453766394884
S27,S01,ingroup,633.6836144991119
S27,S02,ingroup,842.869554913809
S27,S03,ingroup,759.554009182121
S27,S04,ingroup,992.5332592202778
S27,S05,ingroup,866.6766616883074
S27,S06,ingroup,642.820119710964
S27,S07,ingroup,906.1997728333978
S27,S08,ingroup,1152.1166803637745
S27,S09,ingroup,995.0055277541429
S27,S10,ingroup,1090.4877498055562
S27,S11,ingroup,881.4753431492533
S27,S12,ingroup,963.3115579489883
S27,S13,ingroup,866.4813891749474
S27,S14,ingroup,489.68340299267675
S27,S15,ingroup,742.1278867226033
S27,S16,ingroup,1185.970977853102
S27,S17,ingroup,648.7631005047585
S27,S18,ingroup,1081.1583659336059
S27,S19,ingroup,827.9721557576338
S27,S20,ingroup,643.2045997200065
S27,S21,ingroup,582.1836114758622
S27,S22,ingroup,636.8178624936286
S27,S23,ingroup,431.4690744592793
S27,S24,ingroup,479.55278876649356
S27,S25,ingroup,1059.7761872338237
S27,S26,outgroup,751.865353552142
S27,S27,outgroup,1207.439751647538
S27,S28,outgroup,720.3546615389718
S27,S29,outgroup,646.699405123055
S27,S30,outgroup,849.0665087389232
S27,S31,outgroup,863.4406596704881
S27,S32,outgroup,775.5406124883355
S27,S33,outgroup,915.5629595001526
S27,S34,outgroup,884.6921024079671
S27,S35,outgroup,914.0646560727035
S27,S36,outgroup,947.2829489982505
S27,S37,outgroup,996.3362488912273
S27,S38,outgroup,894.2391770795497
S27,S39,outgroup,799.1788856821199
S27,S40,outgroup,1023.4739929154794
S27,S41,outgroup,941.9163195479002
S27,S42,outgroup,771.5581716482392
S27,S43,outgroup,850.6893304184522
S27,S44,outgroup,1136.1205213435078
S27,S45,outgroup,1085.545468928222
S27,S46,outgroup,838.8314126597171
S27,S47,outgroup,823.2635487961793
S27,S48,outgroup,1264.5041184822985
S27,S49,outgroup,614.8226971546169
S27,S50,outgroup,760.6533598419826
S28,S01,ingroup,893.9176020497406
S28,S02,ingroup,603.6540794482553
S28,S03,ingroup,885.8911664257764
S28,S04,ingroup,713.445729138988
S28,S05,ingroup,908.1762530958785
S28,S06,ingroup,671.9928621798306
S28,S07,ingroup,991.3730557176423
S28,S08,ingroup,1098.932829987659
S28,S09,ingroup,799.3944956213231
S28,S10,ingroup,872.6070637022952
S28,S11,ingroup,535.0132269391667
S28,S12,ingroup,752.6716431146517
S28,S13,ingroup,482.29759071131065
S28,S14,ingroup,637.7446720663131
S28,S15,ingroup,861.2208650794056
S28,S16,ingroup,723.3903558453433
S28,S17,ingroup,735.0662606348325
S28,S18,ingroup,1039.7887231532638
S28,S19,ingroup,808.919950943487
S28,S20,ingroup,1192.386219178111
S28,S21,ingroup,466.709931381099
S28,S22,ingroup,908.4560569689166
S28,S23,ingroup,1202.8974004414945
S28,S24,ingroup,387.7272794926366
S28,S25,ingroup,664.3600752050479
S28,S26,outgroup,741.4735094230401
S28,S27,outgroup,831.3588663882006
S28,S28,outgroup,660.0786930765133
S28,S29,outgroup,694.8332214669439
S28,S30,outgroup,1244.1811449014076
S28,S31,outgroup,958.5830257023592
S28,S32,outgroup,1035.6647957293285
S28,S33,outgroup,262.0399324507774
S28,S34,outgroup,1046.8711055619337
S28,S35,outgroup,977.7129598719481
S28,S36,outgroup,695.7565389385283
S28,S37,outgroup,748.9627029879184
S28,S38,outgroup,1154.2856890544895
S28,S39,outgroup,921.7234348375425
S28,S40,outgroup,1094.1667276023918
S28,S41,outgroup,929.8443975836733
S28,S42,outgroup,773.5488487754633
S28,S43,outgroup,822.8176856695738
S28,S44,outgroup,586.0309618415602
S28,S45,outgroup,342.7136380098541
S28,S46,outgroup,764.3780650780211
S28,S47,outgroup,908.5984463114456
S28,S48,outgroup,786.3664527705354
S28,S49,outgroup,942.6514797170349
S28,S50,outgroup,990.879358415158
S29,S01,ingroup,633.9235638474786
S29,S02,ingroup,776.7834588643483
S29,S03,ingroup,944.3740302013675
S29,S04,ingroup,942.7189861848369
S29,S05,ingroup,938.846803507848
S29,S06,ingroup,783.7459895392028
S29,S07,ingroup,1136.278216546597
S29,S08,ingroup,831.72422958265
S29,S09,ingroup,600.2667741665646
S29,S10,ingroup,635.6523682498664
S29,S11,ingroup,920.6464728925379
S29,S12,ingroup,729.4796871008857
S29,S13,ingroup,668.5616206474799
S29,S14,ingroup,707.9694847012739
S29,S15,ingroup,687.055971432532
S29,S16,ingroup,364.7247660950849
S29,S17,ingroup,1154.742967900912
S29,S18,ingroup,914.7206808507793
S29,S19,ingroup,1027.9031430609696
S29,S20,ingroup,737.2608185894729
S29,S21,ingroup,844.4133942117189
S29,S22,ingroup,384.10503496332393
S29,S23,ingroup,829.7354938966653
S29,S24,ingroup,686.5965076189776
S29,S25,ingroup,620.4199738784614
S29,S26,outgroup,717.6076168367138
S29,S27,outgroup,1084.2196019389864
S29,S28,outgroup,804.1945197171377
S29,S29,outgroup,739.0948771456092
S29,S30,outgroup,935.2239669860448
S29,S31,outgroup,667.3208251365517
S29,S32,outgroup,1054.131966041064
S29,S33,outgroup,477.23435904387395
S29,S34,outgroup,622.7853337329528
S29,S35,outgroup,853.1406372899169
S29,S36,outgroup,1025.2326828838138
S29,S37,outgroup,449.87271929489447
S29,S38,outgroup,943.4845986847015
S29,S39,outgroup,984.2999916779946
S29,S40,outgroup,881.9657571678432
S29,S41,outgroup,689.5730074449505
S29,S42,outgroup,636.5047227442462
S29,S43,outgroup,914.0805375315213
S29,S44,outgroup,1113.7754937675031
S29,S45,outgroup,475.1518668998885
S29,S46,outgroup,561.293461933662
S29,S47,outgroup,1184.7092794570476
S29,S48,outgroup,647.9836968249615
S29,S49,outgroup,293.74918521181235
S29,S50,outgroup,901.9491704509246
S30,S01,ingroup,842.3622567834822
S30,S02,ingroup,840.8751895734077
S30,S03,ingroup,582.0994405386199
S30,S04,ingroup,1019.8222772084832
S30,S05,ingroup,814.5228270579494
S30,S06,ingroup,942.2889363578961
S30,S07,ingroup,922.8229608054037
S30,S08,ingroup,1021.3830831215133
S30,S09,ingroup,934.7966455572504
S30,S10,ingroup,880.8188897424825
S30,S11,ingroup,1096.5507008234867
S30,S12,ingroup,397.3965109920478
S30,S13,ingroup,877.5081620435632
S30,S14,ingroup,377.016513537799
S30,S15,ingroup,986.2662013943302
S30,S16,ingroup,1082.9955803796518
S30,S17,ingroup,732.6833529397416
S30,S18,ingroup,737.51375937219
S30,S19,ingroup,872.0837519691472
S30,S20,ingroup,1188.2367163707845
S30,S21,ingroup,917.369435535211
S30,S22,ingroup,915.9631025582951
S30,S23,ingroup,720.3180212096235
S30,S24,ingroup,558.9565030473233
S30,S25,ingroup,845.2515041023831
S30,S26,outgroup,569.4328983074091
S30,S27,outgroup,1126.1626729608072
S30,S28,outgroup,707.0543199813359
S30,S29,outgroup,453.352974589035
S30,S30,outgroup,921.7491246280013
S30,S31,outgroup,952.3064653132994
S30,S32,outgroup,525.1845823877543
S30,S33,outgroup,1332.7575115298498
S30,S34,outgroup,664.0575548108908
S30,S35,outgroup,510.9308068498825
S30,S36,outgroup,948.8663775019081
S30,S37,outgroup,1066.9077690329702
S30,S38,outgroup,847.8832696000263
S30,S39,outgroup,1025.2695874745586
S30,S40,outgroup,732.4195902388045
S30,S41,outgroup,1069.6990663676818
S30,S42,outgroup,934.1026351312802
S30,S43,outgroup,967.7636930319039
S30,S44,outgroup,1085.9616191116388
S30,S45,outgroup,1036.4972037544592
S30,S46,outgroup,688.7028060000978
S30,S47,outgroup,1017.1510853528026
S30,S48,outgroup,755.3980526694606
S30,S49,outgroup,1328.7295930568305
S30,S50,outgroup,1053.6414183938105
S31,S01,ingroup,773.2571865128778
S31,S02,ingroup,747.1395047430104
S31,S03,ingroup,719.5729688602289
S31,S04,ingroup,737.9171721032213
S31,S05,ingroup,869.5912961058349
S31,S06,ingroup,881.6042959771822
S31,S07,ingroup,766.8591350445229
S31,S08,ingroup,727.0921321140162
S31,S09,ingroup,550.7351071185625
S31,S10,ingroup,919.8866504190423
S31,S11,ingroup,1018.2357349062547
S31,S12,ingroup,819.4595271283212
S31,S13,ingroup,670.6177475660037
S31,S14,ingroup,705.0328149032227
S31,S15,ingroup,645.4889642584454
S31,S16,ingroup,532.3910615474376
S31,S17,ingroup,540.1994244721068
S31,S18,ingroup,833.7857920197856
S31,S19,ingroup,1054.376268643169
S31,S20,ingroup,1020.9802550513944
S31,S21,ingroup,791.0240663582508
S31,S22,ingroup,1176.7103448335056
S31,S23,ingroup,607.3504225604108
S31,S24,ingroup,572.8248798296504
S31,S25,ingroup,733.5121851895747
S31,S26,outgroup,910.9181714033261
S31,S27,outgroup,520.8598221144184
S31,S28,outgroup,1002.8680371932876
S31,S29,outgroup,1086.716370290204
S31,S30,outgroup,1112.5272446168171
S31,S31,outgroup,975.8580698084248
S31,S32,outgroup,1106.5917208268795
S31,S33,outgroup,1011.9350507699922
S31,S34,outgroup,1071.0273838071198
S31,S35,outgroup,808.9557641862074
S31,S36,outgroup,908.8126656375774
S31,S37,outgroup,429.35072126723935
S31,S38,outgroup,771.2074005936272
S31,S39,outgroup,1174.369201204085
S31,S40,outgroup,964.8700426661142
S31,S41,outgroup,626.6586924848366
S31,S42,outgroup,671.6177615255889
S31,S43,outgroup,828.1596276059227
S31,S44,outgroup,1352.4702927172898
S31,S45,outgroup,792.5436014185883
S31,S46,outgroup,698.0153602892228
S31,S47,outgroup,494.2118571143789
S31,S48,outgroup,564.6705209162022
S31,S49,outgroup,1119.0244127870405
S31,S50,outgroup,783.8065843350457
S32,S01,ingroup,1048.3890437614311
S32,S02,ingroup,723.1356775741665
S32,S03,ingroup,242.1325775484779
S32,S04,ingroup,1340.4868361076274
S32,S05,ingroup,584.1293984951465
S32,S06,ingroup,607.3551078278493
S32,S07,ingroup,832.4428875901895
S32,S08,ingroup,809.2976968513279
S32,S09,ingroup,516.5937542266704
S32,S10,ingroup,447.716688488205
S32,S11,ingroup,1174.3282511514305
S32,S12,ingroup,663.7678421262254
S32,S13,ingroup,890.1531962079571
S32,S14,ingroup,938.6399484978174
S32,S15,ingroup,708.4259341064371
S32,S16,ingroup,629.2902695736882
S32,S17,ingroup,374.3890488783154
S32,S18,ingroup,1229.746975466313
S32,S19,ingroup,688.7210804626177
S32,S20,ingroup,746.1857217818592
S32,S21,ingroup,574.9920014608128
S32,S22,ingroup,985.2273079493106
S32,S23,ingroup,1102.4251699012837
S32,S24,ingroup,660.5941257392998
S32,S25,ingroup,743.7476970774077
S32,S26,outgroup,510.0249372700004
S32,S27,outgroup,1134.1078952849268
S32,S28,outgroup,869.068612288671
S32,S29,outgroup,801.9838166192847
S32,S30,outgroup,1122.7356117125928
S32,S31,outgroup,1216.8286731973253
S32,S32,outgroup,747.7648940215103
S32,S33,outgroup,634.2902957212464
S32,S34,outgroup,1036.7802639354527
S32,S35,outgroup,876.9087974068211
S32,S36,outgroup,714.9531181117311
S32,S37,outgroup,1447.6824034608487
S32,S38,outgroup,333.86486562065056
S32,S39,outgroup,934.8057291538267
S32,S40,outgroup,1137.2415044317968
S32,S41,outgroup,1131.7387222499285
S32,S42,outgroup,1023.331383742779
S32,S43,outgroup,933.8584450499565
S32,S44,outgroup,1050.7461237163707
S32,S45,outgroup,904.8471047385132
S32,S46,outgroup,786.3528251953826
S32,S47,outgroup,702.1828815718314
S32,S48,outgroup,1153.1626444678475
S32,S49,outgroup,769.1936569339307
S32,S50,outgroup,860.0413110025623
S33,S01,ingroup,675.6183492674286
S33,S02,ingroup,692.0981553380796
S33,S03,ingroup,213.1000107972061
S33,S04,ingroup,717.4642116337322
S33,S05,ingroup,823.9282260022833
S33,S06,ingroup,855.6324432727222
S33,S07,ingroup,459.93985482336507
S33,S08,ingroup,604.0619359446409
S33,S09,ingroup,232.53635293022938
S33,S10,ingroup,849.9857401662075
S33,S11,ingroup,797.0722913928909
S33,S12,ingroup,864.499503915484
S33,S13,ingroup,512.7695384334495
S33,S14,ingroup,540.6963418006021
S33,S15,ingroup,960.5180985069163
S33,S16,ingroup,624.68018298664
S33,S17,ingroup,843.5439819780606
S33,S18,ingroup,881.408167202916
S33,S19,ingroup,422.6907825880943
S33,S20,ingroup,784.5038245152057
S33,S21,ingroup,251.4288439865594
S33,S22,ingroup,681.9901748342857
S33,S23,ingroup,570.5855390375298
S33,S24,ingroup,691.1673711240069
S33,S25,ingroup,783.3898909548985
S33,S26,outgroup,569.3996809192485
S33,S27,outgroup,649.4300282580107
S33,S28,outgroup,612.5112107996785
S33,S29,outgroup,452.4759821874999
S33,S30,outgroup,590.8010333239584
S33,S31,outgroup,553.4900306783204
S33,S32,outgroup,378.1076239726504
S33,S33,outgroup,619.4401157586158
S33,S34,outgroup,685.3245091176811
S33,S35,outgroup,269.54019067786555
S33,S36,outgroup,753.705159231052
S33,S37,outgroup,528.2254203628297
S33,S38,outgroup,750.8057896365575
S33,S39,outgroup,809.8466200483674
S33,S40,outgroup,679.581505186389
S33,S41,outgroup,291.1872265485089
S33,S42,outgroup,353.5291922309499
S33,S43,outgroup,240.95988729249495
S33,S44,outgroup,1010.2768952580336
S33,S45,outgroup,566.10073322162
S33,S46,outgroup,1024.0142390717956
S33,S47,outgroup,431.3241869206031
S33,S48,outgroup,1051.198165076637
S33,S49,outgroup,899.5706196935092
S33,S50,outgroup,612.3253272990902
S34,S01,ingroup,977.6867047214643
S34,S02,ingroup,1015.9542924787111
S34,S03,ingroup,788.7908312163546
S34,S04,ingroup,1314.004720355646
S34,S05,ingroup,855.4399937905588
S34,S06,ingroup,1224.8961766246655
S34,S07,ingroup,684.8321857227954
S34,S08,ingroup,1206.5154554394594
S34,S09,ingroup,826.2469062724209
S34,S10,ingroup,931.4047315501169
S34,S11,ingroup,991.5934966339343
S34,S12,ingroup,889.544498350274
S34,S13,ingroup,817.6711773771602
S34,S14,ingroup,891.3676959822926
S34,S15,ingroup,981.2682270197644
S34,S16,ingroup,1153.177328398719
S34,S17,ingroup,906.3896486662901
S34,S18,ingroup,995.3541068172063
S34,S19,ingroup,939.9875153652412
S34,S20,ingroup,847.5463995831354
S34,S21,ingroup,1000.0864008430063
S34,S22,ingroup,1146.1413883106745
S34,S23,ingroup,1053.7226770538427
S34,S24,ingroup,925.038881791997
S34,S25,ingroup,1281.1208147098775
S34,S26,outgroup,1075.2980986948187
S34,S27,outgroup,1027.0616173507976
S34,S28,outgroup,1201.2775315113447
S34,S29,outgroup,957.3140629929994
S34,S30,outgroup,840.171564154034
S34,S31,outgroup,938.4952503617094
S34,S32,outgroup,869.2540485393254
S34,S33,outgroup,752.6371541913029
S34,S34,outgroup,1287.712458363816
S34,S35,outgroup,779.43809336584
S34,S36,outgroup,1198.9747855152564
S34,S37,outgroup,1453.6531073321921
S34,S38,outgroup,922.9776204029413
S34,S39,outgroup,1170.403732418254
S34,S40,outgroup,954.3754481005151
S34,S41,outgroup,1579.0638647004048
S34,S42,outgroup,772.3280986554976
S34,S43,outgroup,1299.835326859269
S34,S44,outgroup,1226.8336015004934
S34,S45,outgroup,1139.5127973665337
S34,S46,outgroup,1156.7166239336295
S34,S47,outgroup,1160.1415591627342
S34,S48,outgroup,1191.5006412276912
S34,S49,outgroup,820.8139519508289
S34,S50,outgroup,1169.2757303505462
S35,S01,ingroup,600.4708757811961
S35,S02,ingroup,1308.2581369902814
S35,S03,ingroup,805.1580436991349
S35,S04,ingroup,1021.2558918651607
S35,S05,ingroup,307.9598403204
S35,S06,ingroup,394.39941490107014
S35,S07,ingroup,569.1918266101809
S35,S08,ingroup,667.1804440493535
S35,S09,ingroup,657.9895871220227
S35,S10,ingroup,829.8267624176639
S35,S11,ingroup,799.0107140097599
S35,S12,ingroup,697.0014958165077
S35,S13,ingroup,913.7429074475335
S35,S14,ingroup,126.56541029912057
S35,S15,ingroup,800.8677146972872
S35,S16,ingroup,894.6155271784592
S35,S17,ingroup,939.1759132871895
S35,S18,ingroup,759.8660128565551
S35,S19,ingroup,704.5045711611643
S35,S20,ingroup,736.5969908607036
S35,S21,ingroup,712.8320971778965
S35,S22,ingroup,703.1786240170312
S35,S23,ingroup,460.73090542798616
S35,S24,ingroup,527.062516579418
S35,S25,ingroup,821.9389292379783
S35,S26,outgroup,642.079133750756
S35,S27,outgroup,522.8819961936252
S35,S28,outgroup,314.2234158329089
S35,S29,outgroup,642.1939110160652
S35,S30,outgroup,1135.972419859998
S35,S31,outgroup,755.0049958070535
S35,S32,outgroup,622.4555043120007
S35,S33,outgroup,1345.301847412819
S35,S34,outgroup,362.25511319157454
S35,S35,outgroup,676.3515064424091
S35,S36,outgroup,857.7108864376469
S35,S37,outgroup,630.7419969230865
S35,S38,outgroup,990.0035366043978
S35,S39,outgroup,1007.1001797400908
S35,S40,outgroup,829.7283031735705
S35,S41,outgroup,511.3795209667301
S35,S42,outgroup,802.4117884794807
S35,S43,outgroup,749.6111572624466
S35,S44,outgroup,625.3536947905678
S35,S45,outgroup,733.1658705205448
S35,S46,outgroup,817.2837735690163
S35,S47,outgroup,771.3438834525502
S35,S48,outgroup,989.2468527391632
S35,S49,outgroup,246.81629731840616
S35,S50,outgroup,976.1947327087103
S36,S01,ingroup,543.4827440895328
S36,S02,ingroup,779.7971752215236
S36,S03,ingroup,870.4715881960346
S36,S04,ingroup,863.332110596995
S36,S05,ingroup,751.943849516337
S36,S06,ingroup,116.12857188328144
S36,S07,ingroup,503.3480637812635
S36,S08,ingroup,916.6943981917298
S36,S09,ingroup,470.67382932116294
S36,S10,ingroup,660.8903026713132
S36,S11,ingroup,889.5468006960034
S36,S12,ingroup,668.1828039346609
S36,S13,ingroup,487.8501616621211
S36,S14,ingroup,238.38730000328326
S36,S15,ingroup,850.6427487055785
S36,S16,ingroup,322.73162848668414
S36,S17,ingroup,521.4564317173093
S36,S18,ingroup,760.990544277228
S36,S19,ingroup,580.4487165326675
S36,S20,ingroup,722.7302269380821
S36,S21,ingroup,953.3529067288741
S36,S22,ingroup,773.9885650653035
S36,S23,ingroup,741.2155958478733
S36,S24,ingroup,868.4269845918814
S36,S25,ingroup,735.123796106843
S36,S26,outgroup,866.9829446277965
S36,S27,outgroup,405.136449327124
S36,S28,outgroup,702.8699219864266
S36,S29,outgroup,624.1290874157662
S36,S30,outgroup,603.014750389717
S36,S31,outgroup,1123.5497637054937
S36,S32,outgroup,801.8507663176866
S36,S33,outgroup,1034.4600658584898
S36,S34,outgroup,628.3794225908201
S36,S35,outgroup,223.77685915525768
S36,S36,outgroup,813.7701135182849
S36,S37,outgroup,971.4806589069774
S36,S38,outgroup,1318.5579693862219
S36,S39,outgroup,1079.8222855342756
S36,S40,outgroup,1087.5234822506804
S36,S41,outgroup,678.0706035764335
S36,S42,outgroup,864.6841109492802
S36,S43,outgroup,775.0735134475781
S36,S44,outgroup,943.3263989335219
S36,S45,outgroup,522.569782668653
S36,S46,outgroup,681.0325398215059
S36,S47,outgroup,551.6154649092725
S36,S48,outgroup,885.0193479311146
S36,S49,outgroup,895.885594871105
S36,S50,outgroup,896.3838612685232
S37,S01,ingroup,488.96635055618765
S37,S02,ingroup,633.7766283219847
S37,S03,ingroup,271.3906127387376
S37,S04,ingroup,749.9289760250098
S37,S05,ingroup,338.0683576437639
S37,S06,ingroup,598.0907747588848
S37,S07,ingroup,1056.0251251313698
S37,S08,ingroup,866.7287035656439
S37,S09,ingroup,1009.0877990210215
S37,S10,ingroup,912.9679375046463
S37,S11,ingroup,721.7723523878377
S37,S12,ingroup,770.7086330608789
S37,S13,ingroup,251.5896329791919
S37,S14,ingroup,668.4009838816169
S37,S15,ingroup,612.9909126450739
S37,S16,ingroup,851.3286412893789
S37,S17,ingroup,291.29468680861567
S37,S18,ingroup,971.7288663362333
S37,S19,ingroup,631.9209026790122
S37,S20,ingroup,999.5132054091171
S37,S21,ingroup,736.4716246597977
S37,S22,ingroup,601.7775848198559
S37,S23,ingroup,772.4408247929398
S37,S24,ingroup,496.0239433381097
S37,S25,ingroup,591.1641303218469
S37,S26,outgroup,535.0786958686881
S37,S27,outgroup,1188.0415496358241
S37,S28,outgroup,410.9035063568987
S37,S29,outgroup,792.071442888587
S37,S30,outgroup,709.6455340633302
S37,S31,outgroup,623.6165509440882
S37,S32,outgroup,432.23193115037753
S37,S33,outgroup,451.78101428105873
S37,S34,outgroup,432.97981723152424
S37,S35,outgroup,309.08128619424025
S37,S36,outgroup,822.5227669397067
S37,S37,outgroup,639.5976247502771
S37,S38,outgroup,1113.5765612879677
S37,S39,outgroup,933.1429135210927
S37,S40,outgroup,1109.1867164414323
S37,S41,outgroup,805.8749881609202
S37,S42,outgroup,867.3176952435892
S37,S43,outgroup,867.6996963614954
S37,S44,outgroup,682.6151903378377
S37,S45,outgroup,848.0980322699879
S37,S46,outgroup,660.2824064839444
S37,S47,outgroup,954.416551677067
S37,S48,outgroup,620.1503847991637
S37,S49,outgroup,910.3520544019193
S37,S50,outgroup,726.5870940610691
S38,S01,ingroup,564.4111248839229
S38,S02,ingroup,421.99783349943954
S38,S03,ingroup,1048.8472066356355
S38,S04,ingroup,1023.2337919196738
S38,S05,ingroup,806.9479821941982
S38,S06,ingroup,865.4033981100347
S38,S07,ingroup,841.4548067758951
S38,S08,ingroup,588.7666237874964
S38,S09,ingroup,413.2066433284519
S38,S10,ingroup,725.7105580417342
S38,S11,ingroup,850.1425243877703
S38,S12,ingroup,611.297663792441
S38,S13,ingroup,825.5028194857207
S38,S14,ingroup,551.4910489984037
S38,S15,ingroup,1046.86164708362
S38,S16,ingroup,1046.41706561019
S38,S17,ingroup,665.4411301845814
S38,S18,ingroup,692.2348927607495
S38,S19,ingroup,886.1264309852326
S38,S20,ingroup,1124.3073791647266
S38,S21,ingroup,518.3256513383509
S38,S22,ingroup,686.8473214697732
S38,S23,ingroup,654.5720224070012
S38,S24,ingroup,707.5734027552361
S38,S25,ingroup,1318.0089990412935
S38,S26,outgroup,767.8889545144696
S38,S27,outgroup,767.3981250290028
S38,S28,outgroup,406.8826123975708
S38,S29,outgroup,618.6103703744939
S38,S30,outgroup,1052.3441632075767
S38,S31,outgroup,824.7921346242052
S38,S32,outgroup,759.6445287001536
S38,S33,outgroup,825.5676859461698
S38,S34,outgroup,848.3973378627522
S38,S35,outgroup,1078.9201033547818
S38,S36,outgroup,1081.2045621764582
S38,S37,outgroup,1235.3366408401787
S38,S38,outgroup,489.53287168744396
S38,S39,outgroup,860.620999249969
S38,S40,outgroup,1134.8366725312144
S38,S41,outgroup,791.2324540145062
S38,S42,outgroup,908.509051585831
S38,S43,outgroup,791.1691143313692
S38,S44,outgroup,535.9140331770849
S38,S45,outgroup,568.6620746961
S38,S46,outgroup,1188.0138449634935
S38,S47,outgroup,842.0112910667499
S38,S48,outgroup,1284.2408231778359
S38,S49,outgroup,1029.634252132655
S38,S50,outgroup,1076.1666516863306
S39,S01,ingroup,999.2916061462105
S39,S02,ingroup,421.36118718401093
S39,S03,ingroup,535.8529311984761
S39,S04,ingroup,789.667700519749
S39,S05,ingroup,566.6361312237251
S39,S06,ingroup,607.767870775084
S39,S07,ingroup,347.12485984326344
S39,S08,ingroup,500.3366436386911
S39,S09,ingroup,892.9201731690212
S39,S10,ingroup,748.5745517061429
S39,S11,ingroup,1106.4369210770014
S39,S12,ingroup,688.9832064387912
S39,S13,ingroup,598.0942375547535
S39,S14,ingroup,463.29182972533397
S39,S15,ingroup,623.0248899643459
S39,S16,ingroup,770.9300360631579
S39,S17,ingroup,487.6303680491036
S39,S18,ingroup,899.3270165797628
S39,S19,ingroup,754.858297478393
S39,S20,ingroup,927.1603559371111
S39,S21,ingroup,1047.8089281230618
S39,S22,ingroup,704.029015654787
S39,S23,ingroup,644.7230746302001
S39,S24,ingroup,556.2482824948497
S39,S25,ingroup,642.5692148084427
S39,S26,outgroup,1112.5859137846514
S39,S27,outgroup,771.3613473061988
S39,S28,outgroup,852.6647337044983
S39,S29,outgroup,833.9824892899823
S39,S30,outgroup,1113.1323561500362
S39,S31,outgroup,863.448410400139
S39,S32,outgroup,252.72746093620844
S39,S33,outgroup,949.4092207095606
S39,S34,outgroup,585.5269589104637
S39,S35,outgroup,785.8729323307732
S39,S36,outgroup,568.5813652229974
S39,S37,outgroup,746.1218197299238
S39,S38,outgroup,681.0189870657563
S39,S39,outgroup,835.4095121908481
S39,S40,outgroup,726.6563357087451
S39,S41,outgroup,586.6364613504915
S39,S42,outgroup,815.5719553170774
S39,S43,outgroup,609.011205179063
S39,S44,outgroup,784.0838806035954
S39,S45,outgroup,681.38972906663
S39,S46,outgroup,612.2356849130833
S39,S47,outgroup,1174.2955337783662
S39,S48,outgroup,484.1619124239224
S39,S49,outgroup,793.808599001371
S39,S50,outgroup,625.225189798668
S40,S01,ingroup,429.92672610416327
S40,S02,ingroup,753.8032412024139
S40,S03,ingroup,1119.0011546973196
S40,S04,ingroup,1160.294843827252
S40,S05,ingroup,811.2632465916271
S40,S06,ingroup,552.0291821454668
S40,S07,ingroup,1195.759407966223
S40,S08,ingroup,760.4209579933628
S40,S09,ingroup,616.0307753661215
S40,S10,ingroup,452.3280884742093
S40,S11,ingroup,752.3901164162664
S40,S12,ingroup,1113.0597028566624
S40,S13,ingroup,915.7026452778307
S40,S14,ingroup,682.5828953006411
S40,S15,ingroup,510.8811302705166
S40,S16,ingroup,690.3509259034589
S40,S17,ingroup,965.3177102850052
S40,S18,ingroup,761.009465363318
S40,S19,ingroup,677.5461367184262
S40,S20,ingroup,806.1814635458977
S40,S21,ingroup,679.9121167118406
S40,S22,ingroup,739.8824617403208
S40,S23,ingroup,1233.2250875795373
S40,S24,ingroup,699.3070722465629
S40,S25,ingroup,1047.5964594150605
S40,S26,outgroup,803.3492020386715
S40,S27,outgroup,694.3720671213248
S40,S28,outgroup,811.863160405373
S40,S29,outgroup,462.59998382611946
S40,S30,outgroup,1125.2177053180883
S40,S31,outgroup,862.2876016133267
S40,S32,outgroup,185.26180979332162
S40,S33,outgroup,655.1400917193846
S40,S34,outgroup,710.8627564782546
S40,S35,outgroup,1085.6243591566972
S40,S36,outgroup,748.9479521457077
S40,S37,outgroup,469.63648504968427
S40,S38,outgroup,735.8261887121527
S40,S39,outgroup,705.7427466671802
S40,S40,outgroup,544.1961081092411
S40,S41,outgroup,651.1205967068365
S40,S42,outgroup,406.4436334852649
S40,S43,outgroup,1390.4871243498014
S40,S44,outgroup,898.1278737231784
S40,S45,outgroup,867.8589384843228
S40,S46,outgroup,511.0593577378014
S40,S47,outgroup,1086.2454891678124
S40,S48,outgroup,963.853799350913
S40,S49,outgroup,601.232473656542
S40,S50,outgroup,846.8865163734454
S41,S01,ingroup,652.3827831715128
S41,S02,ingroup,1054.4571281825065
S41,S03,ingroup,682.8452807721925
S41,S04,ingroup,1127.093821251685
S41,S05,ingroup,954.7524004993187
S41,S06,ingroup,656.952800177185
S41,S07,ingroup,811.4359911188935
S41,S08,ingroup,669.0093049846614
S41,S09,ingroup,728.8882780413315
S41,S10,ingroup,478.81067531139325
S41,S11,ingroup,818.4924413536302
S41,S12,ingroup,740.6353825202073
S41,S13,ingroup,689.1100036088145
S41,S14,ingroup,1105.1197563048595
S41,S15,ingroup,901.4546411175346
S41,S16,ingroup,483.2700123287783
S41,S17,ingroup,966.978866010602
S41,S18,ingroup,800.328155501128
S41,S19,ingroup,1129.99757652972
S41,S20,ingroup,840.6910956406039
S41,S21,ingroup,1177.2971350985415
S41,S22,ingroup,841.5508690391902
S41,S23,ingroup,679.8627782564799
S41,S24,ingroup,1019.015785978127
S41,S25,ingroup,558.7889204844623
S41,S26,outgroup,992.4465612760584
S41,S27,outgroup,704.2321433119062
S41,S28,outgroup,1032.8917342089087
S41,S29,outgroup,961.8975097845135
S41,S30,outgroup,859.5734010623125
S41,S31,outgroup,945.1190990463472
S41,S32,outgroup,1081.4745815097397
S41,S33,outgroup,729.9700948401728
S41,S34,outgroup,752.1989454287419
S41,S35,outgroup,883.3653504188072
S41,S36,outgroup,1028.8123577766378
S41,S37,outgroup,537.4137573325565
S41,S38,outgroup,945.6634537810006
S41,S39,outgroup,767.6129703208277
S41,S40,outgroup,844.6459151268853
S41,S41,outgroup,1161.2835379191192
S41,S42,outgroup,1091.996672614994
S41,S43,outgroup,929.0090901714607
S41,S44,outgroup,769.8552800666862
S41,S45,outgroup,918.9230215917723
S41,S46,outgroup,1172.0223183046555
S41,S47,outgroup,1122.3539800905705
S41,S48,outgroup,1053.6687882968463
S41,S49,outgroup,918.109379478055
S41,S50,outgroup,1194.3440398851535
S42,S01,ingroup,820.4475530233221
S42,S02,ingroup,863.72233174702
S42,S03,ingroup,478.00150569218533
S42,S04,ingroup,276.8816787842011
S42,S05,ingroup,600.127467085185
S42,S06,ingroup,881.3785462026847
S42,S07,ingroup,688.112265703799
S42,S08,ingroup,618.632560092666
S42,S09,ingroup,326.1619822276053
S42,S10,ingroup,541.8707083585588
S42,S11,ingroup,646.4863660812839
S42,S12,ingroup,597.007873635697
S42,S13,ingroup,654.8587680782156
S42,S14,ingroup,463.14085356684507
S42,S15,ingroup,1029.6761030076375
S42,S16,ingroup,370.8219433659036
S42,S17,ingroup,387.1867248158726
S42,S18,ingroup,543.2561828849421
S42,S19,ingroup,747.0525964515292
S42,S20,ingroup,1169.4253400307425
S42,S21,ingroup,1034.6518498963
S42,S22,ingroup,674.0710221812736
S42,S23,ingroup,537.392473824358
S42,S24,ingroup,780.845180586676
S42,S25,ingroup,798.364933660413
S42,S26,outgroup,591.8562264211803
S42,S27,outgroup,660.0546370364876
S42,S28,outgroup,799.8463860512584
S42,S29,outgroup,620.6633203105088
S42,S30,outgroup,753.970518763995
S42,S31,outgroup,944.8229224659976
S42,S32,outgroup,563.3953693941936
S42,S33,outgroup,305.7541631139314
S42,S34,outgroup,671.4080615053897
S42,S35,outgroup,814.338620129952
S42,S36,outgroup,612.1109720472881
S42,S37,outgroup,781.3063055368028
S42,S38,outgroup,565.7341521687255
S42,S39,outgroup,584.5604921585011
S42,S40,outgroup,828.5220739713934
S42,S41,outgroup,589.8912634775777
S42,S42,outgroup,828.252989832891
S42,S43,outgroup,926.4071945318348
S42,S44,outgroup,642.4535562313935
S42,S45,outgroup,645.1080632768584
S42,S46,outgroup,807.5983895680173
S42,S47,outgroup,1001.1324634374696
S42,S48,outgroup,662.1609906161701
S42,S49,outgroup,574.44240076068
S42,S50,outgroup,687.2916551413075
S43,S01,ingroup,817.9258731644522
S43,S02,ingroup,490.1367248041815
S43,S03,ingroup,429.33765074053787
S43,S04,ingroup,702.8149619738443
S43,S05,ingroup,393.1280986481049
S43,S06,ingroup,475.47249958621995
S43,S07,ingroup,585.2045669290841
S43,S08,ingroup,697.0823466739874
S43,S09,ingroup,808.2394694629915
S43,S10,ingroup,915.4946696577791
S43,S11,ingroup,909.2456863122155
S43,S12,ingroup,402.9752622893707
S43,S13,ingroup,877.2773188905967
S43,S14,ingroup,610.2628176921631
S43,S15,ingroup,728.9512580707174
S43,S16,ingroup,891.2574418442093
S43,S17,ingroup,733.1257217877236
S43,S18,ingroup,670.7352771403014
S43,S19,ingroup,575.2727537170009
S43,S20,ingroup,850.8712207917584
S43,S21,ingroup,257.32818459959975
S43,S22,ingroup,657.6346362984685
S43,S23,ingroup,406.5838972351801
S43,S24,ingroup,62.86984559032169
S43,S25,ingroup,720.1528489706161
S43,S26,outgroup,699.7455202868119
S43,S27,outgroup,312.54377558171024
S43,S28,outgroup,556.2204773242576
S43,S29,outgroup,775.6905714602818
S43,S30,outgroup,891.8287560643955
S43,S31,outgroup,897.3870845340225
S43,S32,outgroup,865.4217721754978
S43,S33,outgroup,799.3311126612595
S43,S34,outgroup,798.9999678174983
S43,S35,outgroup,596.9718949859483
S43,S36,outgroup,489.2981557002905
S43,S37,outgroup,748.791480275951
S43,S38,outgroup,909.5804566541499
S43,S39,outgroup,1272.8056627434016
S43,S40,outgroup,702.5827701076904
S43,S41,outgroup,719.0049627056584
S43,S42,outgroup,284.14889360788277
S43,S43,outgroup,627.1506007251351
S43,S44,outgroup,1032.113116448293
S43,S45,outgroup,623.8486826300871
S43,S46,outgroup,786.9939784415967
S43,S47,outgroup,892.4730668793469
S43,S48,outgroup,601.3742194693871
S43,S49,outgroup,723.9304813746326
S43,S50,outgroup,846.8115427645567
S44,S01,ingroup,585.16416583334
S44,S02,ingroup,753.4595802539745
S44,S03,ingroup,499.97062882623413
S44,S04,ingroup,594.589225491135
S44,S05,ingroup,829.4771083263422
S44,S06,ingroup,910.7646539372327
S44,S07,ingroup,772.9387381998175
S44,S08,ingroup,742.8239744972526
S44,S09,ingroup,684.7877336103872
S44,S10,ingroup,955.9932988726448
S44,S11,ingroup,1038.5603422202516
S44,S12,ingroup,1009.6880100582856
S44,S13,ingroup,772.5455119423909
S44,S14,ingroup,575.2308911559797
S44,S15,ingroup,887.5419348125733
S44,S16,ingroup,746.6919107662089
S44,S17,ingroup,456.2994262450212
S44,S18,ingroup,1203.481588043413
S44,S19,ingroup,534.2220781258642
S44,S20,ingroup,935.5915473681575
S44,S21,ingroup,523.9516861057646
S44,S22,ingroup,581.4199356322704
S44,S23,ingroup,561.8013047595718
S44,S24,ingroup,298.9387535908854
S44,S25,ingroup,733.1862941509901
S44,S26,outgroup,584.6955963986632
S44,S27,outgroup,777.9408127122033
S44,S28,outgroup,1044.854612576966
S44,S29,outgroup,868.2983011275037
S44,S30,outgroup,454.14926154617774
S44,S31,outgroup,963.2694640447587
S44,S32,outgroup,765.7452660110843
S44,S33,outgroup,1178.5317785237942
S44,S34,outgroup,855.7568548895998
S44,S35,outgroup,597.1747015458106
S44,S36,outgroup,473.3379077339503
S44,S37,outgroup,736.8465128497793
S44,S38,outgroup,992.2808628608238
S44,S39,outgroup,668.2275783567582
S44,S40,outgroup,667.027580158631
S44,S41,outgroup,942.7749004006776
S44,S42,outgroup,922.1172159850285
S44,S43,outgroup,756.8799205419793
S44,S44,outgroup,706.0626957325973
S44,S45,outgroup,649.5648001771436
S44,S46,outgroup,923.6756769166567
S44,S47,outgroup,799.9229883229901
S44,S48,outgroup,872.2456583694831
S44,S49,outgroup,1076.3252011649595
S44,S50,outgroup,1003.3941189426939
S45,S01,ingroup,791.4166616129293
S45,S02,ingroup,956.8950094074644
S45,S03,ingroup,468.7183087865011
S45,S04,ingroup,705.3096066185082
S45,S05,ingroup,657.9255991223545
S45,S06,ingroup,623.8080989483162
S45,S07,ingroup,536.803456750537
S45,S08,ingroup,702.5780542656141
S45,S09,ingroup,502.4599667622143
S45,S10,ingroup,644.3904913038784
S45,S11,ingroup,529.6270692222397
S45,S12,ingroup,582.8409411293717
S45,S13,ingroup,826.7359726296747
S45,S14,ingroup,352.1034360249139
S45,S15,ingroup,548.6341594603459
S45,S16,ingroup,711.612082581584
S45,S17,ingroup,-2.191736063157009
S45,S18,ingroup,694.0281284428269
S45,S19,ingroup,705.1736188344917
S45,S20,ingroup,1114.5214344077158
S45,S21,ingroup,559.4664560526049
S45,S22,ingroup,500.250712380337
S45,S23,ingroup,1061.1758473590307
S45,S24,ingroup,512.4246179394719
S45,S25,ingroup,646.5369514340663
S45,S26,outgroup,774.4592117775318
S45,S27,outgroup,574.5935832111891
S45,S28,outgroup,316.6673894837072
S45,S29,outgroup,792.4728284064986
S45,S30,outgroup,727.7711673474533
S45,S31,outgroup,765.4449140413029
S45,S32,outgroup,405.1660984274209
S45,S33,outgroup,548.4244790401502
S45,S34,outgroup,768.7058168897896
S45,S35,outgroup,376.0432616861625
S45,S36,outgroup,743.2418225191896
S45,S37,outgroup,893.4215665409869
S45,S38,outgroup,861.2449626187841
S45,S39,outgroup,498.78633793290624
S45,S40,outgroup,762.9794860647404
S45,S41,outgroup,665.35525744898
S45,S42,outgroup,837.257517905964
S45,S43,outgroup,808.934436212586
S45,S44,outgroup,459.3811161044379
S45,S45,outgroup,553.7617367437317
S45,S46,outgroup,845.372149652463
S45,S47,outgroup,892.6466103577228
S45,S48,outgroup,1104.1358845033992
S45,S49,outgroup,471.39983971821107
S45,S50,outgroup,612.8736827180877
S46,S01,ingroup,579.4931431073097
S46,S02,ingroup,918.237464139049
S46,S03,ingroup,658.0536453449458
S46,S04,ingroup,1128.686442291189
S46,S05,ingroup,842.845590889705
S46,S06,ingroup,667.327953629258
S46,S07,ingroup,1109.4039033983377
S46,S08,ingroup,867.220769086508
S46,S09,ingroup,888.9125930902344
S46,S10,ingroup,685.6461687669666
S46,S11,ingroup,792.4086959155725
S46,S12,ingroup,591.4556812460879
S46,S13,ingroup,398.4099415885059
S46,S14,ingroup,482.72947743422606
S46,S15,ingroup,799.9334619669046
S46,S16,ingroup,1066.4061105420733
S46,S17,ingroup,938.8623944001845
S46,S18,ingroup,708.7199004432935
S46,S19,ingroup,956.9318541612183
S46,S20,ingroup,534.9194958476693
S46,S21,ingroup,801.9547095579502
S46,S22,ingroup,861.398236581385
S46,S23,ingroup,370.9627588498782
S46,S24,ingroup,783.8682530632515
S46,S25,ingroup,616.5012678985494
S46,S26,outgroup,411.811433276795
S46,S27,outgroup,517.3896760591347
S46,S28,outgroup,266.5817947504222
S46,S29,outgroup,657.7336892837874
S46,S30,outgroup,976.9891638311335
S46,S31,outgroup,774.7756360224696
S46,S32,outgroup,524.8065518161802
S46,S33,outgroup,742.6899627484404
S46,S34,outgroup,775.3235265379178
S46,S35,outgroup,717.5401584661532
S46,S36,outgroup,834.7070443993554
S46,S37,outgroup,697.8462429674336
S46,S38,outgroup,758.3612761265958
S46,S39,outgroup,1091.004958351883
S46,S40,outgroup,1155.597158713056
S46,S41,outgroup,599.6588736358647
S46,S42,outgroup,856.3664227885403
S46,S43,outgroup,837.8654922096812
S46,S44,outgroup,1087.115719758259
S46,S45,outgroup,909.3387184712922
S46,S46,outgroup,937.0366431013911
S46,S47,outgroup,747.5054610577448
S46,S48,outgroup,1048.8237857455365
S46,S49,outgroup,911.2335518824614
S46,S50,outgroup,595.0001521883056
S47,S01,ingroup,708.2431319360867
S47,S02,ingroup,1234.1894886810073
S47,S03,ingroup,785.7157256669038
S47,S04,ingroup,1335.538272228421
S47,S05,ingroup,1102.9241479138752
S47,S06,ingroup,664.9409415047983
S47,S07,ingroup,875.9736222452696
S47,S08,ingroup,744.3649308266959
S47,S09,ingroup,1028.8857888978157
S47,S10,ingroup,212.42832047177853
S47,S11,ingroup,1307.9985974025774
S47,S12,ingroup,1034.14080661855
S47,S13,ingroup,1058.031512716068
S47,S14,ingroup,723.1324702043144
S47,S15,ingroup,1321.7372257858522
S47,S16,ingroup,979.1037198865602
S47,S17,ingroup,747.1638746008182
S47,S18,ingroup,1004.6232456793033
S47,S19,ingroup,1190.622631206201
S47,S20,ingroup,703.0677322495058
S47,S21,ingroup,1003.9993543475958
S47,S22,ingroup,848.1187659159223
S47,S23,ingroup,641.6538857252486
S47,S24,ingroup,1204.8684951227692
S47,S25,ingroup,1027.8318632909268
S47,S26,outgroup,1024.0154356532084
S47,S27,outgroup,938.3013074356409
S47,S28,outgroup,491.7762548728722
S47,S29,outgroup,902.042151341728
S47,S30,outgroup,1228.660715793607
S47,S31,outgroup,1309.4602797199875
S47,S32,outgroup,814.0467196200378
S47,S33,outgroup,1259.8651543958624
S47,S34,outgroup,1221.206746232243
S47,S35,outgroup,978.4366331436688
S47,S36,outgroup,1225.6161467902466
S47,S37,outgroup,1097.1365470696383
S47,S38,outgroup,1026.3721611970038
S47,S39,outgroup,624.7008325960488
S47,S40,outgroup,1124.4021150820113
S47,S41,outgroup,927.7903995852907
S47,S42,outgroup,737.9171454240434
S47,S43,outgroup,951.4056614585617
S47,S44,outgroup,770.9763530750683
S47,S45,outgroup,1113.9055748198589
S47,S46,outgroup,834.7193332513568
S47,S47,outgroup,688.0605645634168
S47,S48,outgroup,1015.4807816393517
S47,S49,outgroup,658.4160955246555
S47,S50,outgroup,729.6771829629567
S48,S01,ingroup,418.77315950734646
S48,S02,ingroup,709.069505116213
S48,S03,ingroup,668.4642762670317
S48,S04,ingroup,1163.092055401317
S48,S05,ingroup,736.8692834958407
S48,S06,ingroup,996.3185802281257
S48,S07,ingroup,602.3351235957579
S48,S08,ingroup,703.9010195706509
S48,S09,ingroup,661.149658571891
S48,S10,ingroup,515.3318054690859
S48,S11,ingroup,833.1822362054634
S48,S12,ingroup,838.096777038902
S48,S13,ingroup,636.2127552930342
S48,S14,ingroup,653.4702359955446
S48,S15,ingroup,1117.452917036921
S48,S16,ingroup,1017.0933645355153
S48,S17,ingroup,486.95069198726986
S48,S18,ingroup,964.1728293747025
S48,S19,ingroup,665.8834933437654
S48,S20,ingroup,842.4395011606443
S48,S21,ingroup,910.535325621608
S48,S22,ingroup,759.1997939650739
S48,S23,ingroup,672.8140107565503
S48,S24,ingroup,695.213513528909
S48,S25,ingroup,892.6430463669814
S48,S26,outgroup,534.9565567423676
S48,S27,outgroup,685.1363925529402
S48,S28,outgroup,1026.7880281025707
S48,S29,outgroup,728.4686244150156
S48,S30,outgroup,1029.2112797025586
S48,S31,outgroup,954.4230280831597
S48,S32,outgroup,738.8692535143673
S48,S33,outgroup,932.270817007212
S48,S34,outgroup,914.0423223260229
S48,S35,outgroup,935.6619403995396
S48,S36,outgroup,809.0776203074095
S48,S37,outgroup,682.6882825077994
S48,S38,outgroup,620.6373244872398
S48,S39,outgroup,463.7871997764617
S48,S40,outgroup,1053.0230213817504
S48,S41,outgroup,876.2486046011161
S48,S42,outgroup,1073.834621590554
S48,S43,outgroup,839.1934570248983
S48,S44,outgroup,1058.8428100504652
S48,S45,outgroup,926.760661878278
S48,S46,outgroup,586.7174441384741
S48,S47,outgroup,913.2898759810431
S48,S48,outgroup,1263.5719453379136
S48,S49,outgroup,677.0848109712799
S48,S50,outgroup,967.210488401696
S49,S01,ingroup,943.2497053139906
S49,S02,ingroup,829.952981026892
S49,S03,ingroup,944.1685523006953
S49,S04,ingroup,1097.7211512798358
S49,S05,ingroup,721.2119115383763
S49,S06,ingroup,823.2080083149607
S49,S07,ingroup,843.9932196192369
S49,S08,ingroup,1014.2860654993657
S49,S09,ingroup,686.6610957705564
S49,S10,ingroup,815.8876467748438
S49,S11,ingroup,992.8731475021874
S49,S12,ingroup,955.2463773897466
S49,S13,ingroup,847.961357648391
S49,S14,ingroup,472.7509036243156
S49,S15,ingroup,757.1506749159826
S49,S16,ingroup,746.0211152731597
S49,S17,ingroup,604.0081531740119
S49,S18,ingroup,1334.7175561748013
S49,S19,ingroup,941.8177478426757
S49,S20,ingroup,828.9764066866688
S49,S21,ingroup,896.2481443628546
S49,S22,ingroup,845.80965454492
S49,S23,ingroup,849.82118300404
S49,S24,ingroup,664.0725916489101
S49,S25,ingroup,785.0099189049841
S49,S26,outgroup,894.6082626494205
S49,S27,outgroup,814.4533435081804
S49,S28,outgroup,693.1175928841024
S49,S29,outgroup,1052.7337932918922
S49,S30,outgroup,900.4459966918755
S49,S31,outgroup,1376.157994231341
S49,S32,outgroup,990.4215535062231
S49,S33,outgroup,1179.9721384915742
S49,S34,outgroup,873.6380467479362
S49,S35,outgroup,414.6843611862534
S49,S36,outgroup,943.3595473382081
S49,S37,outgroup,1168.3256785644069
S49,S38,outgroup,953.6092548947287
S49,S39,outgroup,972.6944076875615
S49,S40,outgroup,1086.5050964976874
S49,S41,outgroup,962.941826801739
S49,S42,outgroup,760.3895213139357
S49,S43,outgroup,1360.6539537076462
S49,S44,outgroup,972.9552307270992
S49,S45,outgroup,614.6199163124361
S49,S46,outgroup,649.7190378356082
S49,S47,outgroup,1108.507679008285
S49,S48,outgroup,1313.570221077553
S49,S49,outgroup,1189.7732235012936
S49,S50,outgroup,1041.6521081324302
S50,S01,ingroup,920.1202486985019
S50,S02,ingroup,954.4316971982997
S50,S03,ingroup,732.707291787537
S50,S04,ingroup,916.3518514555502
S50,S05,ingroup,1119.10128587415
S50,S06,ingroup,235.55611409143586
S50,S07,ingroup,854.6293743342126
S50,S08,ingroup,760.609833293647
S50,S09,ingroup,479.0629621069496
S50,S10,ingroup,618.9694979040522
S50,S11,ingroup,875.1784505051537
S50,S12,ingroup,721.7090582001192
S50,S13,ingroup,929.2693023467597
S50,S14,ingroup,742.4382968770027
S50,S15,ingroup,650.0427919520611
S50,S16,ingroup,886.8918580310585
S50,S17,ingroup,936.9095678043005
S50,S18,ingroup,619.2383047440101
S50,S19,ingroup,798.413461149736
S50,S20,ingroup,1160.4956851385318
S50,S21,ingroup,956.2953619242028
S50,S22,ingroup,1026.7507706247234
S50,S23,ingroup,1139.3783237061405
S50,S24,ingroup,648.4284690031943
S50,S25,ingroup,884.9486467824713
S50,S26,outgroup,1111.9254336456527
S50,S27,outgroup,889.8182066438679
S50,S28,outgroup,859.5919350709585
S50,S29,outgroup,755.5615029567747
S50,S30,outgroup,769.3338639411688
S50,S31,outgroup,999.7714486229419
S50,S32,outgroup,779.6231316893624
S50,S33,outgroup,1088.800005755887
S50,S34,outgroup,766.5903250085097
S50,S35,outgroup,634.23681525187
S50,S36,outgroup,686.9034731141951
S50,S37,outgroup,1094.5737536448132
S50,S38,outgroup,818.8976452227225
S50,S39,outgroup,869.7539897677691
S50,S40,outgroup,936.4569574776419
S50,S41,outgroup,790.7077346993515
S50,S42,outgroup,1214.34822260631
S50,S43,outgroup,1093.36460652437
S50,S44,outgroup,799.4104107651391
S50,S45,outgroup,905.7258307017985
S50,S46,outgroup,895.3397058807393
S50,S47,outgroup,1154.5697588671967
S50,S48,outgroup,899.8694204210392
S50,S49,outgroup,1056.3387572503252
S50,S50,outgroup,1205.8752760898924
