subj_id,item_id,condition,X_i,value
1,1,ingroup,-0.5,551.0970598011083
1,2,ingroup,-0.5,588.3905219919592
1,3,ingroup,-0.5,831.229645223947
1,4,ingroup,-0.5,733.1233430282962
1,5,ingroup,-0.5,313.36198005021083
1,6,ingroup,-0.5,1039.0310637602588
1,7,ingroup,-0.5,330.3556115329976
1,8,ingroup,-0.5,911.6019936579314
1,9,ingroup,-0.5,809.7634752183909
1,10,ingroup,-0.5,497.473721828864
1,11,ingroup,-0.5,673.7240607270297
1,12,ingroup,-0.5,795.8868282816657
1,13,ingroup,-0.5,914.8248752107477
1,14,ingroup,-0.5,819.4620277732774
1,15,ingroup,-0.5,688.7088365133477
1,16,ingroup,-0.5,828.5599591036089
1,17,ingroup,-0.5,774.141559208424
1,18,ingroup,-0.5,588.3419728532018
1,19,ingroup,-0.5,473.4403926037276
1,20,ingroup,-0.5,604.8351602067074
1,21,ingroup,-0.5,631.1087041713886
1,22,ingroup,-0.5,424.7293268613888
1,23,ingroup,-0.5,544.6390254540174
1,24,ingroup,-0.5,441.5232803920382
1,25,ingroup,-0.5,719.4213087189207
1,26,outgroup,0.5,611.9767319944492
1,27,outgroup,0.5,953.4770090864744
1,28,outgroup,0.5,1300.2469922879131
1,29,outgroup,0.5,578.0039025251922
1,30,outgroup,0.5,906.9699176625923
1,31,outgroup,0.5,850.9979563038337
1,32,outgroup,0.5,720.1688825995133
1,33,outgroup,0.5,678.8240350187929
1,34,outgroup,0.5,976.6390640552131
1,35,outgroup,0.5,328.9156777492395
1,36,outgroup,0.5,693.49437339858
1,37,outgroup,0.5,448.7208548735655
1,38,outgroup,0.5,967.9409852855438
1,39,outgroup,0.5,684.535650900865
1,40,outgroup,0.5,728.9895946389038
1,41,outgroup,0.5,1425.5643626142762
1,42,outgroup,0.5,833.6785613328823
1,43,outgroup,0.5,667.1299171035165
1,44,outgroup,0.5,837.5470086503425
1,45,outgroup,0.5,386.39047376503515
1,46,outgroup,0.5,891.2421329527197
1,47,outgroup,0.5,685.0126273127471
1,48,outgroup,0.5,724.8117350342492
1,49,outgroup,0.5,558.5172609710389
1,50,outgroup,0.5,695.8232798928058
2,1,ingroup,-0.5,791.9462600457133
2,2,ingroup,-0.5,395.8300341817954
2,3,ingroup,-0.5,463.1761567138491
2,4,ingroup,-0.5,814.2551434047022
2,5,ingroup,-0.5,702.2025179162698
2,6,ingroup,-0.5,512.5193195208037
2,7,ingroup,-0.5,1322.1574976550537
2,8,ingroup,-0.5,684.710361065729
2,9,ingroup,-0.5,598.5110379256688
2,10,ingroup,-0.5,732.9743697898667
2,11,ingroup,-0.5,559.0116246881121
2,12,ingroup,-0.5,558.6959743967241
2,13,ingroup,-0.5,895.1100786186986
2,14,ingroup,-0.5,1025.0999160224055
2,15,ingroup,-0.5,711.0954993200778
2,16,ingroup,-0.5,737.1637177943722
2,17,ingroup,-0.5,573.8832894041371
2,18,ingroup,-0.5,958.295524418985
2,19,ingroup,-0.5,501.71310174909553
2,20,ingroup,-0.5,1016.3003982051594
2,21,ingroup,-0.5,544.5436307669498
2,22,ingroup,-0.5,309.41596768442196
2,23,ingroup,-0.5,437.0180253105893
2,24,ingroup,-0.5,714.2129837166121
2,25,ingroup,-0.5,991.2489811879191
2,26,outgroup,0.5,871.4959447304296
2,27,outgroup,0.5,742.827440530468
2,28,outgroup,0.5,489.744059131307
2,29,outgroup,0.5,540.2838022014604
2,30,outgroup,0.5,615.071696901471
2,31,outgroup,0.5,1148.8648333156282
2,32,outgroup,0.5,314.4538124902346
2,33,outgroup,0.5,948.0558400727325
2,34,outgroup,0.5,508.4222711142646
2,35,outgroup,0.5,1015.4970212673052
2,36,outgroup,0.5,546.5848035959643
2,37,outgroup,0.5,717.1057904110027
2,38,outgroup,0.5,421.25970902911064
2,39,outgroup,0.5,855.671222575504
2,40,outgroup,0.5,1082.9713321537877
2,41,outgroup,0.5,1131.1912689545734
2,42,outgroup,0.5,955.4977463016442
2,43,outgroup,0.5,1076.824630265718
2,44,outgroup,0.5,979.1503402287753
2,45,outgroup,0.5,625.9920154245584
2,46,outgroup,0.5,840.8806519485787
2,47,outgroup,0.5,462.1380251068863
2,48,outgroup,0.5,546.3578765213538
2,49,outgroup,0.5,951.4757297017065
2,50,outgroup,0.5,960.968476892197
3,1,ingroup,-0.5,982.8482673730867
3,2,ingroup,-0.5,759.1380805103663
3,3,ingroup,-0.5,709.5285981456868
3,4,ingroup,-0.5,896.265646915577
3,5,ingroup,-0.5,838.1068686495363
3,6,ingroup,-0.5,936.5412289440836
3,7,ingroup,-0.5,890.884065756186
3,8,ingroup,-0.5,811.0204591333365
3,9,ingroup,-0.5,914.4611575999422
3,10,ingroup,-0.5,685.7890244388459
3,11,ingroup,-0.5,929.6519519601727
3,12,ingroup,-0.5,724.8911248368028
3,13,ingroup,-0.5,858.6997432233404
3,14,ingroup,-0.5,442.63933709048325
3,15,ingroup,-0.5,744.4221058211292
3,16,ingroup,-0.5,670.2175452801476
3,17,ingroup,-0.5,491.56291017991975
3,18,ingroup,-0.5,597.6921085526585
3,19,ingroup,-0.5,972.4446456699941
3,20,ingroup,-0.5,784.8263047503739
3,21,ingroup,-0.5,455.3696859138912
3,22,ingroup,-0.5,735.9278141174746
3,23,ingroup,-0.5,334.5587313167518
3,24,ingroup,-0.5,524.5228462098659
3,25,ingroup,-0.5,821.47343386371
3,26,outgroup,0.5,654.8053576510035
3,27,outgroup,0.5,1015.7878988392023
3,28,outgroup,0.5,878.1016320374569
3,29,outgroup,0.5,923.4772945864765
3,30,outgroup,0.5,645.7594920635463
3,31,outgroup,0.5,510.7714919282398
3,32,outgroup,0.5,972.2059238279174
3,33,outgroup,0.5,872.2153563095198
3,34,outgroup,0.5,668.8117189635562
3,35,outgroup,0.5,798.9020548724175
3,36,outgroup,0.5,1142.362748403943
3,37,outgroup,0.5,651.5039648478875
3,38,outgroup,0.5,594.0443567704733
3,39,outgroup,0.5,653.8010750551467
3,40,outgroup,0.5,571.973329057646
3,41,outgroup,0.5,1007.7288434685402
3,42,outgroup,0.5,937.2076924260384
3,43,outgroup,0.5,852.3619224871883
3,44,outgroup,0.5,823.9522359203573
3,45,outgroup,0.5,653.0910577979882
3,46,outgroup,0.5,683.5456298298427
3,47,outgroup,0.5,929.6642963540562
3,48,outgroup,0.5,400.9175241109709
3,49,outgroup,0.5,898.0989247184732
3,50,outgroup,0.5,796.945466337639
4,1,ingroup,-0.5,1310.3715371631226
4,2,ingroup,-0.5,1219.198454058045
4,3,ingroup,-0.5,754.6121460560265
4,4,ingroup,-0.5,838.0721233624234
4,5,ingroup,-0.5,542.6134567102026
4,6,ingroup,-0.5,1263.162292628163
4,7,ingroup,-0.5,981.6646216722326
4,8,ingroup,-0.5,831.151585905627
4,9,ingroup,-0.5,974.8287730847559
4,10,ingroup,-0.5,556.651808682224
4,11,ingroup,-0.5,883.0811700590453
4,12,ingroup,-0.5,1149.1364911447104
4,13,ingroup,-0.5,817.5678927965483
4,14,ingroup,-0.5,1165.8000190524829
4,15,ingroup,-0.5,1018.8975587067384
4,16,ingroup,-0.5,662.501703832611
4,17,ingroup,-0.5,881.7813152689992
4,18,ingroup,-0.5,787.6545545156106
4,19,ingroup,-0.5,799.7027480499227
4,20,ingroup,-0.5,880.5582536246394
4,21,ingroup,-0.5,743.6785801517005
4,22,ingroup,-0.5,769.853353689514
4,23,ingroup,-0.5,884.5561889009205
4,24,ingroup,-0.5,617.3081866627442
4,25,ingroup,-0.5,1159.1364920411238
4,26,outgroup,0.5,1280.0944897259283
4,27,outgroup,0.5,1019.6813924811345
4,28,outgroup,0.5,1034.4763871074656
4,29,outgroup,0.5,796.6564059483993
4,30,outgroup,0.5,928.3703542636988
4,31,outgroup,0.5,720.3125650539688
4,32,outgroup,0.5,926.5826793354028
4,33,outgroup,0.5,766.9690964064646
4,34,outgroup,0.5,953.9992681183105
4,35,outgroup,0.5,1003.0219978137204
4,36,outgroup,0.5,1205.4741215520726
4,37,outgroup,0.5,1267.2724743154486
4,38,outgroup,0.5,694.3309187969935
4,39,outgroup,0.5,1050.6551840998009
4,40,outgroup,0.5,683.2113333382905
4,41,outgroup,0.5,831.9997042959002
4,42,outgroup,0.5,1167.5203400565954
4,43,outgroup,0.5,742.9429376275041
4,44,outgroup,0.5,981.4430868231888
4,45,outgroup,0.5,654.7274473614691
4,46,outgroup,0.5,853.8524518197887
4,47,outgroup,0.5,830.8268704632225
4,48,outgroup,0.5,643.3839454715056
4,49,outgroup,0.5,500.56195841983066
4,50,outgroup,0.5,1083.780302452404
5,1,ingroup,-0.5,704.4230617828943
5,2,ingroup,-0.5,861.088550119999
5,3,ingroup,-0.5,1061.6953816826467
5,4,ingroup,-0.5,843.9062697603722
5,5,ingroup,-0.5,1043.2731094229116
5,6,ingroup,-0.5,535.9479196885678
5,7,ingroup,-0.5,1061.264851727418
5,8,ingroup,-0.5,916.7251379528832
5,9,ingroup,-0.5,529.284925423848
5,10,ingroup,-0.5,437.9911152757091
5,11,ingroup,-0.5,670.5209910562896
5,12,ingroup,-0.5,829.4193109874402
5,13,ingroup,-0.5,832.5152159274501
5,14,ingroup,-0.5,900.3389625217518
5,15,ingroup,-0.5,715.9140870291795
5,16,ingroup,-0.5,613.3664109703197
5,17,ingroup,-0.5,731.7302716246661
5,18,ingroup,-0.5,737.6635532486898
5,19,ingroup,-0.5,1067.7690167041576
5,20,ingroup,-0.5,677.9324351219709
5,21,ingroup,-0.5,633.1731237997986
5,22,ingroup,-0.5,330.7841644494517
5,23,ingroup,-0.5,469.4422762644722
5,24,ingroup,-0.5,1185.0519640086518
5,25,ingroup,-0.5,645.3491621201371
5,26,outgroup,0.5,691.9321225077553
5,27,outgroup,0.5,1014.8032289790414
5,28,outgroup,0.5,1025.777363199687
5,29,outgroup,0.5,1033.6951367562992
5,30,outgroup,0.5,762.0116406184236
5,31,outgroup,0.5,1032.6684281776052
5,32,outgroup,0.5,621.8555295964768
5,33,outgroup,0.5,881.9475304109576
5,34,outgroup,0.5,642.9190294196187
5,35,outgroup,0.5,988.3285431754193
5,36,outgroup,0.5,970.3042581732336
5,37,outgroup,0.5,1080.2007341346416
5,38,outgroup,0.5,1222.7480454680913
5,39,outgroup,0.5,872.977017950327
5,40,outgroup,0.5,849.1700782686553
5,41,outgroup,0.5,746.2216966727634
5,42,outgroup,0.5,913.2487926397728
5,43,outgroup,0.5,864.1289863802393
5,44,outgroup,0.5,1298.1039157427222
5,45,outgroup,0.5,596.423063543969
5,46,outgroup,0.5,696.7076912888235
5,47,outgroup,0.5,744.8215036406784
5,48,outgroup,0.5,870.7881774033763
5,49,outgroup,0.5,1041.383334281585
5,50,outgroup,0.5,841.0026826495188
6,1,ingroup,-0.5,823.8141937684966
6,2,ingroup,-0.5,800.7009362048316
6,3,ingroup,-0.5,929.1874000262987
6,4,ingroup,-0.5,1084.086614551881
6,5,ingroup,-0.5,643.1649920854709
6,6,ingroup,-0.5,736.8336900362999
6,7,ingroup,-0.5,978.9662142133384
6,8,ingroup,-0.5,508.92585528814936
6,9,ingroup,-0.5,586.8441272269879
6,10,ingroup,-0.5,781.2265668829953
6,11,ingroup,-0.5,522.8049144902233
6,12,ingroup,-0.5,738.661805255845
6,13,ingroup,-0.5,745.083432462632
6,14,ingroup,-0.5,620.4962022410386
6,15,ingroup,-0.5,581.3743200177025
6,16,ingroup,-0.5,647.9727954374692
6,17,ingroup,-0.5,587.1962182665818
6,18,ingroup,-0.5,985.0594877341791
6,19,ingroup,-0.5,1102.1590168233865
6,20,ingroup,-0.5,612.9798712562706
6,21,ingroup,-0.5,808.2202725462625
6,22,ingroup,-0.5,650.3387815142304
6,23,ingroup,-0.5,690.7095532487652
6,24,ingroup,-0.5,791.806373066707
6,25,ingroup,-0.5,777.0798337472507
6,26,outgroup,0.5,1112.6899259694276
6,27,outgroup,0.5,717.7044153122813
6,28,outgroup,0.5,1258.0664576240995
6,29,outgroup,0.5,984.1667246419104
6,30,outgroup,0.5,884.7459765598302
6,31,outgroup,0.5,727.0641314674554
6,32,outgroup,0.5,854.5767000874731
6,33,outgroup,0.5,997.4347616596783
6,34,outgroup,0.5,401.9791621514259
6,35,outgroup,0.5,762.8473425722643
6,36,outgroup,0.5,1092.4761451218685
6,37,outgroup,0.5,830.3376772781596
6,38,outgroup,0.5,681.9172793428698
6,39,outgroup,0.5,748.6819221462324
6,40,outgroup,0.5,1034.2181319590406
6,41,outgroup,0.5,614.9334817749027
6,42,outgroup,0.5,1171.0763539702432
6,43,outgroup,0.5,475.2373355330256
6,44,outgroup,0.5,830.0505451033957
6,45,outgroup,0.5,695.7833930647256
6,46,outgroup,0.5,696.6060534520163
6,47,outgroup,0.5,641.8082904495436
6,48,outgroup,0.5,834.2666721927344
6,49,outgroup,0.5,884.1810728588276
6,50,outgroup,0.5,993.3940127752164
7,1,ingroup,-0.5,883.258238937846
7,2,ingroup,-0.5,959.9676790759077
7,3,ingroup,-0.5,777.7755971694783
7,4,ingroup,-0.5,924.9271031273391
7,5,ingroup,-0.5,836.5915680553395
7,6,ingroup,-0.5,717.033861878965
7,7,ingroup,-0.5,835.5075339596801
7,8,ingroup,-0.5,642.75677597089
7,9,ingroup,-0.5,912.4259480711505
7,10,ingroup,-0.5,769.911797377356
7,11,ingroup,-0.5,704.9998323753297
7,12,ingroup,-0.5,696.7350562650516
7,13,ingroup,-0.5,794.0035004634442
7,14,ingroup,-0.5,642.143607658594
7,15,ingroup,-0.5,664.6841504773831
7,16,ingroup,-0.5,398.42922179032803
7,17,ingroup,-0.5,947.2148710522383
7,18,ingroup,-0.5,937.7066247255001
7,19,ingroup,-0.5,667.100632908068
7,20,ingroup,-0.5,942.3950015733327
7,21,ingroup,-0.5,947.6775444163289
7,22,ingroup,-0.5,907.1716329068611
7,23,ingroup,-0.5,619.5568047785276
7,24,ingroup,-0.5,757.8062129883683
7,25,ingroup,-0.5,804.4234866684627
7,26,outgroup,0.5,939.8664547574676
7,27,outgroup,0.5,1043.9929895833197
7,28,outgroup,0.5,1255.2089080541105
7,29,outgroup,0.5,781.3515844422144
7,30,outgroup,0.5,614.2900478508191
7,31,outgroup,0.5,828.105657879381
7,32,outgroup,0.5,1460.5944785257805
7,33,outgroup,0.5,805.7960548205731
7,34,outgroup,0.5,1012.6796802517864
7,35,outgroup,0.5,803.3535134865886
7,36,outgroup,0.5,848.3905981716554
7,37,outgroup,0.5,715.9720331707275
7,38,outgroup,0.5,768.5952859599258
7,39,outgroup,0.5,1172.999145612041
7,40,outgroup,0.5,1016.259092652644
7,41,outgroup,0.5,1008.1872064511856
7,42,outgroup,0.5,1133.3990874039782
7,43,outgroup,0.5,1292.1939960611398
7,44,outgroup,0.5,1054.6636410461379
7,45,outgroup,0.5,536.6190413327603
7,46,outgroup,0.5,708.4452513321952
7,47,outgroup,0.5,508.3201588174935
7,48,outgroup,0.5,183.3632705565808
7,49,outgroup,0.5,1135.104087724249
7,50,outgroup,0.5,923.6411874730311
8,1,ingroup,-0.5,402.7924652192461
8,2,ingroup,-0.5,738.4523154940896
8,3,ingroup,-0.5,596.9755121702991
8,4,ingroup,-0.5,993.8889121992296
8,5,ingroup,-0.5,898.7951749869507
8,6,ingroup,-0.5,573.6887505907624
8,7,ingroup,-0.5,1000.9182720751123
8,8,ingroup,-0.5,1115.7638114083725
8,9,ingroup,-0.5,483.3443262215452
8,10,ingroup,-0.5,527.0459236497098
8,11,ingroup,-0.5,748.8818248640607
8,12,ingroup,-0.5,778.5298463813472
8,13,ingroup,-0.5,850.3147385053073
8,14,ingroup,-0.5,1037.438510880891
8,15,ingroup,-0.5,848.9617180357371
8,16,ingroup,-0.5,889.5613033392468
8,17,ingroup,-0.5,772.4576821625151
8,18,ingroup,-0.5,896.2393594307367
8,19,ingroup,-0.5,864.6742688283618
8,20,ingroup,-0.5,864.9038148882933
8,21,ingroup,-0.5,519.3087061728996
8,22,ingroup,-0.5,434.6601053309547
8,23,ingroup,-0.5,680.1015920190582
8,24,ingroup,-0.5,715.4441546514022
8,25,ingroup,-0.5,735.8365825792785
8,26,outgroup,0.5,878.522885689854
8,27,outgroup,0.5,906.0081645705345
8,28,outgroup,0.5,756.1200641359922
8,29,outgroup,0.5,691.9959782158711
8,30,outgroup,0.5,703.4618060283123
8,31,outgroup,0.5,891.876569361867
8,32,outgroup,0.5,812.716825549127
8,33,outgroup,0.5,1049.4598127475756
8,34,outgroup,0.5,653.355149356463
8,35,outgroup,0.5,948.4457631933806
8,36,outgroup,0.5,992.038794673503
8,37,outgroup,0.5,851.8112365378759
8,38,outgroup,0.5,765.1234396047623
8,39,outgroup,0.5,660.0048587540739
8,40,outgroup,0.5,805.4213334517327
8,41,outgroup,0.5,827.9395676954449
8,42,outgroup,0.5,846.7687937990063
8,43,outgroup,0.5,937.8296739068064
8,44,outgroup,0.5,749.0155347385684
8,45,outgroup,0.5,679.3050143512045
8,46,outgroup,0.5,689.6227876579143
8,47,outgroup,0.5,669.8830025728158
8,48,outgroup,0.5,610.6585828201922
8,49,outgroup,0.5,285.5492341314677
8,50,outgroup,0.5,620.758709632272
9,1,ingroup,-0.5,1439.8340978370861
9,2,ingroup,-0.5,1059.297418819574
9,3,ingroup,-0.5,655.731917838942
9,4,ingroup,-0.5,1198.7504314854075
9,5,ingroup,-0.5,864.2648835172329
9,6,ingroup,-0.5,1039.2992393735296
9,7,ingroup,-0.5,1005.0875350104827
9,8,ingroup,-0.5,974.2450253237878
9,9,ingroup,-0.5,813.3270974307363
9,10,ingroup,-0.5,895.1146024582957
9,11,ingroup,-0.5,651.740652022748
9,12,ingroup,-0.5,765.8792524361419
9,13,ingroup,-0.5,858.6355512867883
9,14,ingroup,-0.5,945.7935843970062
9,15,ingroup,-0.5,863.1014491647886
9,16,ingroup,-0.5,897.6496078939623
9,17,ingroup,-0.5,582.5611532728865
9,18,ingroup,-0.5,678.3552369937001
9,19,ingroup,-0.5,1320.8911537913057
9,20,ingroup,-0.5,841.2462227069493
9,21,ingroup,-0.5,795.3867003343246
9,22,ingroup,-0.5,754.7367275625907
9,23,ingroup,-0.5,873.7677436465381
9,24,ingroup,-0.5,852.3495707303634
9,25,ingroup,-0.5,914.4901791158328
9,26,outgroup,0.5,894.0750703024323
9,27,outgroup,0.5,871.8237286799159
9,28,outgroup,0.5,1145.8449127789472
9,29,outgroup,0.5,999.5564489518696
9,30,outgroup,0.5,1165.8574028873545
9,31,outgroup,0.5,670.9464252345178
9,32,outgroup,0.5,917.2040322699955
9,33,outgroup,0.5,937.8133060855276
9,34,outgroup,0.5,656.6628419242711
9,35,outgroup,0.5,1139.636772667432
9,36,outgroup,0.5,1010.7111679217734
9,37,outgroup,0.5,669.0357315381166
9,38,outgroup,0.5,780.5079580367737
9,39,outgroup,0.5,711.6674113199069
9,40,outgroup,0.5,1251.799323075011
9,41,outgroup,0.5,1507.3941451927212
9,42,outgroup,0.5,919.0006371024152
9,43,outgroup,0.5,947.4915638757511
9,44,outgroup,0.5,1043.5787515005345
9,45,outgroup,0.5,1451.92506773668
9,46,outgroup,0.5,537.438697702448
9,47,outgroup,0.5,811.5119064087667
9,48,outgroup,0.5,600.6055451019607
9,49,outgroup,0.5,919.5242129305162
9,50,outgroup,0.5,1055.2979908244824
10,1,ingroup,-0.5,539.08581557291
10,2,ingroup,-0.5,830.7211473715183
10,3,ingroup,-0.5,743.8704792480139
10,4,ingroup,-0.5,845.288526631956
10,5,ingroup,-0.5,1038.1168607520178
10,6,ingroup,-0.5,491.2234364014257
10,7,ingroup,-0.5,937.7057092327095
10,8,ingroup,-0.5,789.8962345299688
10,9,ingroup,-0.5,564.789836968772
10,10,ingroup,-0.5,727.128202265535
10,11,ingroup,-0.5,391.42919264202067
10,12,ingroup,-0.5,456.01322763436144
10,13,ingroup,-0.5,618.4467298652485
10,14,ingroup,-0.5,1083.6362404679503
10,15,ingroup,-0.5,759.4812075884445
10,16,ingroup,-0.5,722.29108749523175
10,17,ingroup,-0.5,586.6904207050508
10,18,ingroup,-0.5,880.3969864052132
10,19,ingroup,-0.5,573.9046311335326
10,20,ingroup,-0.5,815.0044058558879
10,21,ingroup,-0.5,813.4848915087832
10,22,ingroup,-0.5,471.189245169595
10,23,ingroup,-0.5,549.4061990474972
10,24,ingroup,-0.5,859.4315699233318
10,25,ingroup,-0.5,809.3648951986894
10,26,outgroup,0.5,1014.9844555182319
10,27,outgroup,0.5,621.0818461090307
10,28,outgroup,0.5,1020.2117299937079
10,29,outgroup,0.5,950.1445960908169
10,30,outgroup,0.5,644.575699933449
10,31,outgroup,0.5,472.4179150258226
10,32,outgroup,0.5,498.0139321237043
10,33,outgroup,0.5,842.7459442592124
10,34,outgroup,0.5,628.98741878356
10,35,outgroup,0.5,1067.4630176068015
10,36,outgroup,0.5,910.7961666565761
10,37,outgroup,0.5,643.3358114124442
10,38,outgroup,0.5,465.4050906369281
10,39,outgroup,0.5,587.8312453488086
10,40,outgroup,0.5,884.1367559523268
10,41,outgroup,0.5,680.2037812297029
10,42,outgroup,0.5,928.1672817965685
10,43,outgroup,0.5,670.6474118828874
10,44,outgroup,0.5,738.097219704241
10,45,outgroup,0.5,535.608706194486
10,46,outgroup,0.5,1155.8255642400695
10,47,outgroup,0.5,752.4048566628419
10,48,outgroup,0.5,658.8686814681326
10,49,outgroup,0.5,398.25414802181876
10,50,outgroup,0.5,1014.0136710722824
11,1,ingroup,-0.5,574.4228355003547
11,2,ingroup,-0.5,722.7754986090346
11,3,ingroup,-0.5,777.4861763855183
11,4,ingroup,-0.5,584.4434076416217
11,5,ingroup,-0.5,966.5696417006084
11,6,ingroup,-0.5,792.7007673785965
11,7,ingroup,-0.5,563.4937172067903
11,8,ingroup,-0.5,860.4532919989215
11,9,ingroup,-0.5,536.1502392562147
11,10,ingroup,-0.5,658.8110920611972
11,11,ingroup,-0.5,539.3696535429457
11,12,ingroup,-0.5,894.6620004609829
11,13,ingroup,-0.5,408.97820998853786
11,14,ingroup,-0.5,590.6168532449493
11,15,ingroup,-0.5,660.3454992821322
11,16,ingroup,-0.5,418.69984504665956
11,17,ingroup,-0.5,378.52412165459145
11,18,ingroup,-0.5,744.5577740663872
11,19,ingroup,-0.5,699.6608953328864
11,20,ingroup,-0.5,35.40913975934495
11,21,ingroup,-0.5,866.5139127716598
11,22,ingroup,-0.5,644.2803390722456
11,23,ingroup,-0.5,983.5924066820361
11,24,ingroup,-0.5,815.0602758009983
11,25,ingroup,-0.5,570.2822191626419
11,26,outgroup,0.5,1304.4811911725092
11,27,outgroup,0.5,1336.5299113091364
11,28,outgroup,0.5,579.6473530756276
11,29,outgroup,0.5,863.0466947316922
11,30,outgroup,0.5,661.2282520256242
11,31,outgroup,0.5,731.4187923390365
11,32,outgroup,0.5,787.7568254524047
11,33,outgroup,0.5,525.2137695344421
11,34,outgroup,0.5,726.7359910142854
11,35,outgroup,0.5,1087.8972663029049
11,36,outgroup,0.5,797.355883168409
11,37,outgroup,0.5,711.5447537434868
11,38,outgroup,0.5,976.6332510418786
11,39,outgroup,0.5,910.396137844483
11,40,outgroup,0.5,512.2654231346379
11,41,outgroup,0.5,842.5074147315047
11,42,outgroup,0.5,1182.4360141240115
11,43,outgroup,0.5,1046.9756017387067
11,44,outgroup,0.5,869.6048316640164
11,45,outgroup,0.5,852.3601116166647
11,46,outgroup,0.5,561.8351142586264
11,47,outgroup,0.5,772.312133183072
11,48,outgroup,0.5,448.2574757687124
11,49,outgroup,0.5,671.4283268172777
11,50,outgroup,0.5,1095.5813373563717
12,1,ingroup,-0.5,802.5377279801166
12,2,ingroup,-0.5,1326.2036919755799
12,3,ingroup,-0.5,891.6521900406648
12,4,ingroup,-0.5,1495.0582587755864
12,5,ingroup,-0.5,1020.4374729025697
12,6,ingroup,-0.5,624.6655233392324
12,7,ingroup,-0.5,847.816465205917
12,8,ingroup,-0.5,1044.3250831266569
12,9,ingroup,-0.5,683.4115487925125
12,10,ingroup,-0.5,887.2029445845449
12,11,ingroup,-0.5,924.0588904444145
12,12,ingroup,-0.5,984.9629175422208
12,13,ingroup,-0.5,872.4553894017272
12,14,ingroup,-0.5,786.6120750183098
12,15,ingroup,-0.5,672.4991661070717
12,16,ingroup,-0.5,906.2182388432814
12,17,ingroup,-0.5,991.1619343331022
12,18,ingroup,-0.5,952.3996093393765
12,19,ingroup,-0.5,1096.9991215558218
12,20,ingroup,-0.5,1210.9633005209241
12,21,ingroup,-0.5,1265.3431471260183
12,22,ingroup,-0.5,715.533765626673
12,23,ingroup,-0.5,829.872969438076
12,24,ingroup,-0.5,757.7581697482447
12,25,ingroup,-0.5,1017.816434842055
12,26,outgroup,0.5,932.9771558727178
12,27,outgroup,0.5,1025.2490442465416
12,28,outgroup,0.5,851.2336155590006
12,29,outgroup,0.5,1209.9627088143134
12,30,outgroup,0.5,886.2884645638577
12,31,outgroup,0.5,804.4713935443989
12,32,outgroup,0.5,926.5708273227821
12,33,outgroup,0.5,992.520360214605
12,34,outgroup,0.5,1196.6376994117195
12,35,outgroup,0.5,715.5498181149733
12,36,outgroup,0.5,1521.6189468007433
12,37,outgroup,0.5,789.1144406977526
12,38,outgroup,0.5,931.4943468735755
12,39,outgroup,0.5,518.7354388652202
12,40,outgroup,0.5,910.719102852128
12,41,outgroup,0.5,1142.7975150119914
12,42,outgroup,0.5,1152.4200010114462
12,43,outgroup,0.5,1045.6815982125654
12,44,outgroup,0.5,891.9082723018107
12,45,outgroup,0.5,539.0482790896974
12,46,outgroup,0.5,786.3040533916571
12,47,outgroup,0.5,865.9668888491661
12,48,outgroup,0.5,963.1215199115944
12,49,outgroup,0.5,1130.1678588217837
12,50,outgroup,0.5,1047.529812876847
13,1,ingroup,-0.5,965.257456438049
13,2,ingroup,-0.5,577.9325714123999
13,3,ingroup,-0.5,561.8921164117571
13,4,ingroup,-0.5,1087.3537411149762
13,5,ingroup,-0.5,198.98980232519114
13,6,ingroup,-0.5,596.8207005453264
13,7,ingroup,-0.5,1194.5158705512558
13,8,ingroup,-0.5,1211.495718609951
13,9,ingroup,-0.5,613.3707071825844
13,10,ingroup,-0.5,426.6835221493288
13,11,ingroup,-0.5,593.6961514538921
13,12,ingroup,-0.5,553.2438885256363
13,13,ingroup,-0.5,973.0017181972275
13,14,ingroup,-0.5,537.0836361532494
13,15,ingroup,-0.5,788.0059284846878
13,16,ingroup,-0.5,745.0695795403907
13,17,ingroup,-0.5,438.25307287838655
13,18,ingroup,-0.5,921.6987330926826
13,19,ingroup,-0.5,579.7499023306982
13,20,ingroup,-0.5,674.5656352499535
13,21,ingroup,-0.5,880.9715228582211
13,22,ingroup,-0.5,399.88658200829246
13,23,ingroup,-0.5,725.189914858016
13,24,ingroup,-0.5,583.3540285580225
13,25,ingroup,-0.5,721.7847332521601
13,26,outgroup,0.5,821.2674146743129
13,27,outgroup,0.5,720.5423876940638
13,28,outgroup,0.5,912.9072487688894
13,29,outgroup,0.5,559.051076891509
13,30,outgroup,0.5,712.1472197507303
13,31,outgroup,0.5,895.0636877969372
13,32,outgroup,0.5,343.3203083284482
13,33,outgroup,0.5,515.9055830722707
13,34,outgroup,0.5,473.12752188204774
13,35,outgroup,0.5,456.1268132811289
13,36,outgroup,0.5,949.9874502903103
13,37,outgroup,0.5,581.4413843676444
13,38,outgroup,0.5,299.9063911442596
13,39,outgroup,0.5,639.1000951274724
13,40,outgroup,0.5,799.7342949516028
13,41,outgroup,0.5,1004.0500732703584
13,42,outgroup,0.5,666.8730984243681
13,43,outgroup,0.5,1032.0751413382864
13,44,outgroup,0.5,901.1840124625604
13,45,outgroup,0.5,816.4833401568638
13,46,outgroup,0.5,666.6139810691317
13,47,outgroup,0.5,1138.916354222074
13,48,outgroup,0.5,642.1900548225149
13,49,outgroup,0.5,433.94938203666896
13,50,outgroup,0.5,903.5862647576212
14,1,ingroup,-0.5,244.61143204024307
14,2,ingroup,-0.5,620.81527061068
14,3,ingroup,-0.5,752.8216065410842
14,4,ingroup,-0.5,828.2692165459542
14,5,ingroup,-0.5,441.82988839803386
14,6,ingroup,-0.5,395.5935326450947
14,7,ingroup,-0.5,737.4312851411931
14,8,ingroup,-0.5,705.8912943088283
14,9,ingroup,-0.5,609.6369119195969
14,10,ingroup,-0.5,421.888642282774
14,11,ingroup,-0.5,642.1183982649211
14,12,ingroup,-0.5,419.2793823162873
14,13,ingroup,-0.5,517.9722417834349
14,14,ingroup,-0.5,748.1859921075362
14,15,ingroup,-0.5,813.0608512368575
14,16,ingroup,-0.5,135.0415444044732
14,17,ingroup,-0.5,512.8361064892838
14,18,ingroup,-0.5,774.7925192068686
14,19,ingroup,-0.5,340.81395388433
14,20,ingroup,-0.5,546.2857093626976
14,21,ingroup,-0.5,397.647262226648
14,22,ingroup,-0.5,703.2686889863163
14,23,ingroup,-0.5,512.9302331511215
14,24,ingroup,-0.5,736.7139818681237
14,25,ingroup,-0.5,588.7008414906701
14,26,outgroup,0.5,716.9959290256396
14,27,outgroup,0.5,845.4508926021415
14,28,outgroup,0.5,1015.9025998379891
14,29,outgroup,0.5,562.8245730039934
14,30,outgroup,0.5,52.930698098772154
14,31,outgroup,0.5,499.57704436023124
14,32,outgroup,0.5,582.6238018418358
14,33,outgroup,0.5,545.7880730925717
14,34,outgroup,0.5,582.5390795343869
14,35,outgroup,0.5,739.4466669905977
14,36,outgroup,0.5,525.8406783750041
14,37,outgroup,0.5,484.57431086515436
14,38,outgroup,0.5,575.750571947652
14,39,outgroup,0.5,419.9354218232646
14,40,outgroup,0.5,659.4811439217409
14,41,outgroup,0.5,203.7177807152059
14,42,outgroup,0.5,427.00990332213894
14,43,outgroup,0.5,297.632517047252
14,44,outgroup,0.5,414.15305196892103
14,45,outgroup,0.5,368.7183250211516
14,46,outgroup,0.5,676.946465618836
14,47,outgroup,0.5,707.9717007245245
14,48,outgroup,0.5,292.93383740196873
14,49,outgroup,0.5,362.92742437426455
14,50,outgroup,0.5,499.3861092157482
15,1,ingroup,-0.5,1302.0673005850879
15,2,ingroup,-0.5,1076.9966739435654
15,3,ingroup,-0.5,774.879697270049
15,4,ingroup,-0.5,767.9419260078005
15,5,ingroup,-0.5,632.8072989073836
15,6,ingroup,-0.5,705.5687957149512
15,7,ingroup,-0.5,1226.343097807189
15,8,ingroup,-0.5,936.7597875318593
15,9,ingroup,-0.5,632.3903158655293
15,10,ingroup,-0.5,959.5956057370511
15,11,ingroup,-0.5,1031.4190692491786
15,12,ingroup,-0.5,746.6708687897169
15,13,ingroup,-0.5,795.2301508193958
15,14,ingroup,-0.5,969.2154025275555
15,15,ingroup,-0.5,914.2331200246846
15,16,ingroup,-0.5,904.1512568125476
15,17,ingroup,-0.5,1134.3732080607824
15,18,ingroup,-0.5,941.0948838561928
15,19,ingroup,-0.5,874.9738408960507
15,20,ingroup,-0.5,847.3789593869885
15,21,ingroup,-0.5,853.5486881784581
15,22,ingroup,-0.5,924.9065766804306
15,23,ingroup,-0.5,660.575074266985
15,24,ingroup,-0.5,971.7435435696664
15,25,ingroup,-0.5,551.9443119401279
15,26,outgroup,0.5,848.9782700840947
15,27,outgroup,0.5,768.0360857118246
15,28,outgroup,0.5,686.475777872684
15,29,outgroup,0.5,787.8210386157282
15,30,outgroup,0.5,879.071201479162
15,31,outgroup,0.5,813.671732474853
15,32,outgroup,0.5,982.1396088853935
15,33,outgroup,0.5,1066.9682873814884
15,34,outgroup,0.5,936.5054575538712
15,35,outgroup,0.5,774.3445350220026
15,36,outgroup,0.5,665.7372210264847
15,37,outgroup,0.5,789.2576785432315
15,38,outgroup,0.5,1032.0445137190745
15,39,outgroup,0.5,807.6161933688052
15,40,outgroup,0.5,615.7006332443975
15,41,outgroup,0.5,996.267241295549
15,42,outgroup,0.5,1009.2850059696653
15,43,outgroup,0.5,784.9942373589674
15,44,outgroup,0.5,921.4813881148972
15,45,outgroup,0.5,1083.1880607456787
15,46,outgroup,0.5,1162.2559520902573
15,47,outgroup,0.5,722.2210177402319
15,48,outgroup,0.5,742.4748118204144
15,49,outgroup,0.5,573.4086880923446
15,50,outgroup,0.5,864.1045120492289
16,1,ingroup,-0.5,642.992280575191
16,2,ingroup,-0.5,638.9503578976396
16,3,ingroup,-0.5,933.2248400097124
16,4,ingroup,-0.5,1165.3460203449374
16,5,ingroup,-0.5,657.5114810964108
16,6,ingroup,-0.5,639.116365318829
16,7,ingroup,-0.5,765.8826661805452
16,8,ingroup,-0.5,836.740418909995
16,9,ingroup,-0.5,651.5479077950571
16,10,ingroup,-0.5,707.5276083674622
16,11,ingroup,-0.5,461.3842978888449
16,12,ingroup,-0.5,564.5349084932681
16,13,ingroup,-0.5,971.9692130304393
16,14,ingroup,-0.5,638.7701136154857
16,15,ingroup,-0.5,824.14816703032
16,16,ingroup,-0.5,659.8208764082775
16,17,ingroup,-0.5,448.3006451297142
16,18,ingroup,-0.5,919.721597216039
16,19,ingroup,-0.5,814.072289754842
16,20,ingroup,-0.5,878.5897591039507
16,21,ingroup,-0.5,735.2465317051999
16,22,ingroup,-0.5,581.3814333870547
16,23,ingroup,-0.5,609.365307865461
16,24,ingroup,-0.5,494.25769153572884
16,25,ingroup,-0.5,545.8506634283387
16,26,outgroup,0.5,813.9129572843036
16,27,outgroup,0.5,670.3158715567729
16,28,outgroup,0.5,777.0528723386982
16,29,outgroup,0.5,713.051306931745
16,30,outgroup,0.5,540.2304572726758
16,31,outgroup,0.5,257.1261764872781
16,32,outgroup,0.5,778.8706190494879
16,33,outgroup,0.5,896.7771089131519
16,34,outgroup,0.5,378.7301731712757
16,35,outgroup,0.5,1001.3836826417946
16,36,outgroup,0.5,874.0601940083441
16,37,outgroup,0.5,979.3135001574794
16,38,outgroup,0.5,472.34010080145504
16,39,outgroup,0.5,730.928492654271
16,40,outgroup,0.5,788.8169402986607
16,41,outgroup,0.5,917.3528517309501
16,42,outgroup,0.5,703.4099988814537
16,43,outgroup,0.5,728.7561426399134
16,44,outgroup,0.5,396.73802642790895
16,45,outgroup,0.5,519.4470068955133
16,46,outgroup,0.5,793.0842787049125
16,47,outgroup,0.5,537.8768666046802
16,48,outgroup,0.5,597.2887109195084
16,49,outgroup,0.5,636.3020909271501
16,50,outgroup,0.5,996.7019731082769
17,1,ingroup,-0.5,1006.1353840887612
17,2,ingroup,-0.5,949.3713391058524
17,3,ingroup,-0.5,705.1454533127604
17,4,ingroup,-0.5,1159.0377912128347
17,5,ingroup,-0.5,1033.8771554939358
17,6,ingroup,-0.5,365.6496580032093
17,7,ingroup,-0.5,1186.0855515481296
17,8,ingroup,-0.5,596.4637256861172
17,9,ingroup,-0.5,692.7371403451884
17,10,ingroup,-0.5,557.1662598399206
17,11,ingroup,-0.5,614.1790812909054
17,12,ingroup,-0.5,1126.771091779608
17,13,ingroup,-0.5,968.9365097154649
17,14,ingroup,-0.5,976.7553547619542
17,15,ingroup,-0.5,477.4206934936951
17,16,ingroup,-0.5,839.9602034946847
17,17,ingroup,-0.5,895.1113061120554
17,18,ingroup,-0.5,1103.1787957898887
17,19,ingroup,-0.5,714.2819967386332
17,20,ingroup,-0.5,915.6218500450086
17,21,ingroup,-0.5,562.1936108981768
17,22,ingroup,-0.5,1124.91934057992
17,23,ingroup,-0.5,523.4596189331089
17,24,ingroup,-0.5,1013.861050474094
17,25,ingroup,-0.5,906.0918949115731
17,26,outgroup,0.5,686.7781458263128
17,27,outgroup,0.5,1153.4317253077543
17,28,outgroup,0.5,984.5603724271417
17,29,outgroup,0.5,1087.4171460781765
17,30,outgroup,0.5,901.6113404844953
17,31,outgroup,0.5,1022.2033010782167
17,32,outgroup,0.5,901.0796714862572
17,33,outgroup,0.5,1155.1348796148552
17,34,outgroup,0.5,753.6771895515478
17,35,outgroup,0.5,998.0007448923059
17,36,outgroup,0.5,1060.383476012158
17,37,outgroup,0.5,1067.3973388708532
17,38,outgroup,0.5,727.2056383510118
17,39,outgroup,0.5,920.7504768494664
17,40,outgroup,0.5,880.4266585525249
17,41,outgroup,0.5,1133.018872793756
17,42,outgroup,0.5,878.8845788614481
17,43,outgroup,0.5,1264.8633585982275
17,44,outgroup,0.5,1098.1841188769936
17,45,outgroup,0.5,859.8696419913177
17,46,outgroup,0.5,1196.956739305528
17,47,outgroup,0.5,849.8629193471469
17,48,outgroup,0.5,906.2950067014834
17,49,outgroup,0.5,1023.1661080076865
17,50,outgroup,0.5,1147.563574650516
18,1,ingroup,-0.5,822.2522658477203
18,2,ingroup,-0.5,534.0276508709812
18,3,ingroup,-0.5,501.61778689839747
18,4,ingroup,-0.5,645.701291524832
18,5,ingroup,-0.5,717.0546319991504
18,6,ingroup,-0.5,461.9077376346796
18,7,ingroup,-0.5,893.2042965769157
18,8,ingroup,-0.5,548.7154272449096
18,9,ingroup,-0.5,946.9787389741454
18,10,ingroup,-0.5,690.7445870021952
18,11,ingroup,-0.5,419.6249499396685
18,12,ingroup,-0.5,731.2289590498028
18,13,ingroup,-0.5,611.1686267278576
18,14,ingroup,-0.5,771.830764080308
18,15,ingroup,-0.5,761.3511580295162
18,16,ingroup,-0.5,417.4977349288754
18,17,ingroup,-0.5,430.7133340881804
18,18,ingroup,-0.5,810.5335385738766
18,19,ingroup,-0.5,1056.3672830987898
18,20,ingroup,-0.5,764.6620758878598
18,21,ingroup,-0.5,535.9467063484099
18,22,ingroup,-0.5,761.9807516489504
18,23,ingroup,-0.5,493.09824094535674
18,24,ingroup,-0.5,740.7443379787039
18,25,ingroup,-0.5,714.2073585465962
18,26,outgroup,0.5,1216.591123510174
18,27,outgroup,0.5,489.5251533931961
18,28,outgroup,0.5,800.0718971208406
18,29,outgroup,0.5,369.74305493169015
18,30,outgroup,0.5,777.9430293284117
18,31,outgroup,0.5,869.8284663571208
18,32,outgroup,0.5,987.8789369434785
18,33,outgroup,0.5,349.06302072543434
18,34,outgroup,0.5,708.6701833891851
18,35,outgroup,0.5,1013.2199929358819
18,36,outgroup,0.5,703.8689203715148
18,37,outgroup,0.5,658.1981984513935
18,38,outgroup,0.5,646.1096143180428
18,39,outgroup,0.5,760.2188489791063
18,40,outgroup,0.5,931.4945709446945
18,41,outgroup,0.5,1016.8584058059696
18,42,outgroup,0.5,789.1272580840722
18,43,outgroup,0.5,759.6741498339777
18,44,outgroup,0.5,1239.7122953300686
18,45,outgroup,0.5,750.8339448016899
18,46,outgroup,0.5,795.4709875469356
18,47,outgroup,0.5,400.33540373471345
18,48,outgroup,0.5,596.2166813153281
18,49,outgroup,0.5,675.2649187878962
18,50,outgroup,0.5,862.7496436231825
19,1,ingroup,-0.5,700.4177463268466
19,2,ingroup,-0.5,1063.185591253678
19,3,ingroup,-0.5,893.4867678187665
19,4,ingroup,-0.5,666.7300167875868
19,5,ingroup,-0.5,771.2805187239205
19,6,ingroup,-0.5,462.032113231082
19,7,ingroup,-0.5,733.3847769204101
19,8,ingroup,-0.5,1143.0260002665486
19,9,ingroup,-0.5,919.0100008187017
19,10,ingroup,-0.5,868.1418314054825
19,11,ingroup,-0.5,493.3566583297982
19,12,ingroup,-0.5,354.445241699988
19,13,ingroup,-0.5,494.23139297415776
19,14,ingroup,-0.5,935.824240259421
19,15,ingroup,-0.5,702.2428002499793
19,16,ingroup,-0.5,235.51070355311487
19,17,ingroup,-0.5,600.6503755143226
19,18,ingroup,-0.5,1080.3744090564196
19,19,ingroup,-0.5,904.9623926579247
19,20,ingroup,-0.5,431.1987286533316
19,21,ingroup,-0.5,399.3886338645644
19,22,ingroup,-0.5,479.1984893976346
19,23,ingroup,-0.5,557.4292089664596
19,24,ingroup,-0.5,905.808111022975
19,25,ingroup,-0.5,321.8587926467739
19,26,outgroup,0.5,1019.6105290690496
19,27,outgroup,0.5,841.1434680769746
19,28,outgroup,0.5,1007.3127264881641
19,29,outgroup,0.5,508.55640712696845
19,30,outgroup,0.5,640.113975960953
19,31,outgroup,0.5,674.3289414084643
19,32,outgroup,0.5,1020.9937656337826
19,33,outgroup,0.5,1053.195887820671
19,34,outgroup,0.5,826.6033830487756
19,35,outgroup,0.5,1128.8574462326578
19,36,outgroup,0.5,797.0588602796315
19,37,outgroup,0.5,1016.6047508712974
19,38,outgroup,0.5,759.6980600495765
19,39,outgroup,0.5,667.2156867059466
19,40,outgroup,0.5,1096.6076107103975
19,41,outgroup,0.5,1142.9833024823024
19,42,outgroup,0.5,1097.34386665877
19,43,outgroup,0.5,732.0068569037605
19,44,outgroup,0.5,761.6242003034857
19,45,outgroup,0.5,1053.6183357886214
19,46,outgroup,0.5,941.7546542132478
19,47,outgroup,0.5,948.1678319043565
19,48,outgroup,0.5,641.3740823067507
19,49,outgroup,0.5,1085.206143962932
19,50,outgroup,0.5,816.6767878413478
20,1,ingroup,-0.5,615.3635823645864
20,2,ingroup,-0.5,661.3485732925762
20,3,ingroup,-0.5,686.7444678475415
20,4,ingroup,-0.5,701.8580539565345
20,5,ingroup,-0.5,189.79813233911273
20,6,ingroup,-0.5,609.2229367326305
20,7,ingroup,-0.5,985.7339088020833
20,8,ingroup,-0.5,977.8194914483497
20,9,ingroup,-0.5,390.9805318394933
20,10,ingroup,-0.5,256.571536493727
20,11,ingroup,-0.5,1018.938298878044
20,12,ingroup,-0.5,618.035912168341
20,13,ingroup,-0.5,629.6695446669921
20,14,ingroup,-0.5,749.2165379826727
20,15,ingroup,-0.5,357.33725106829905
20,16,ingroup,-0.5,442.17727533757954
20,17,ingroup,-0.5,248.38815690873923
20,18,ingroup,-0.5,579.4964069385117
20,19,ingroup,-0.5,719.8273160640563
20,20,ingroup,-0.5,242.29731067095975
20,21,ingroup,-0.5,746.3572650601579
20,22,ingroup,-0.5,622.1655051975856
20,23,ingroup,-0.5,289.4694344871533
20,24,ingroup,-0.5,693.2471242259024
20,25,ingroup,-0.5,779.2518210127199
20,26,outgroup,0.5,844.096378958786
20,27,outgroup,0.5,614.3894173222773
20,28,outgroup,0.5,691.536724077002
20,29,outgroup,0.5,638.77184306977006
20,30,outgroup,0.5,878.6443534886108
20,31,outgroup,0.5,805.8973080093804
20,32,outgroup,0.5,796.0029598155975
20,33,outgroup,0.5,607.0000686656617
20,34,outgroup,0.5,631.140728324602
20,35,outgroup,0.5,705.5802264442326
20,36,outgroup,0.5,508.71359166305274
20,37,outgroup,0.5,285.34355934457665
20,38,outgroup,0.5,712.1592218302561
20,39,outgroup,0.5,311.7291499973566
20,40,outgroup,0.5,729.1754910332845
20,41,outgroup,0.5,733.7199508742813
20,42,outgroup,0.5,851.3744117751892
20,43,outgroup,0.5,688.6799457833879
20,44,outgroup,0.5,525.9181161672931
20,45,outgroup,0.5,792.2634886987258
20,46,outgroup,0.5,1035.82327660316
20,47,outgroup,0.5,775.3959481174336
20,48,outgroup,0.5,137.29144906702942
20,49,outgroup,0.5,929.821544042803
20,50,outgroup,0.5,784.1237778887454
21,1,ingroup,-0.5,838.6481933530537
21,2,ingroup,-0.5,963.6305060281186
21,3,ingroup,-0.5,1011.0691855521218
21,4,ingroup,-0.5,1059.8719221993917
21,5,ingroup,-0.5,916.9737225750515
21,6,ingroup,-0.5,1196.3476492050036
21,7,ingroup,-0.5,580.599187778669
21,8,ingroup,-0.5,914.2869650889876
21,9,ingroup,-0.5,850.7329665373842
21,10,ingroup,-0.5,682.5830545807715
21,11,ingroup,-0.5,1012.5957853854641
21,12,ingroup,-0.5,834.4955090628868
21,13,ingroup,-0.5,836.4001007566296
21,14,ingroup,-0.5,1175.9803971720808
21,15,ingroup,-0.5,1120.0802938274908
21,16,ingroup,-0.5,830.8359388260883
21,17,ingroup,-0.5,764.0015482325157
21,18,ingroup,-0.5,701.5586085268994
21,19,ingroup,-0.5,829.6768493758868
21,20,ingroup,-0.5,1308.0135855173844
21,21,ingroup,-0.5,893.9540632829526
21,22,ingroup,-0.5,1020.0714143458495
21,23,ingroup,-0.5,706.4834767814026
21,24,ingroup,-0.5,1043.0233318050462
21,25,ingroup,-0.5,892.1665635394235
21,26,outgroup,0.5,1245.9972445560356
21,27,outgroup,0.5,897.5679147380125
21,28,outgroup,0.5,709.7875742361778
21,29,outgroup,0.5,1177.1601318050014
21,30,outgroup,0.5,884.1407220920449
21,31,outgroup,0.5,1214.8999707731386
21,32,outgroup,0.5,995.3338246733574
21,33,outgroup,0.5,1296.551922513728
21,34,outgroup,0.5,967.873358506112
21,35,outgroup,0.5,896.4525893814455
21,36,outgroup,0.5,1203.5034971981895
21,37,outgroup,0.5,880.4923015977377
21,38,outgroup,0.5,1262.0805876640263
21,39,outgroup,0.5,988.2435847074491
21,40,outgroup,0.5,664.2028598638306
21,41,outgroup,0.5,930.5718956967156
21,42,outgroup,0.5,753.4620734699115
21,43,outgroup,0.5,556.4591621748116
21,44,outgroup,0.5,1025.6661327575462
21,45,outgroup,0.5,1065.8979691724671
21,46,outgroup,0.5,877.1466706021545
21,47,outgroup,0.5,674.7272462208632
21,48,outgroup,0.5,746.9510049994575
21,49,outgroup,0.5,681.136777605424
21,50,outgroup,0.5,1277.2708512693198
22,1,ingroup,-0.5,992.5896229068265
22,2,ingroup,-0.5,461.5564423382517
22,3,ingroup,-0.5,993.8469697908133
22,4,ingroup,-0.5,1174.6589014968845
22,5,ingroup,-0.5,505.5705211750062
22,6,ingroup,-0.5,850.7076905273573
22,7,ingroup,-0.5,670.3064902470069
22,8,ingroup,-0.5,843.1970282547051
22,9,ingroup,-0.5,863.2435094771529
22,10,ingroup,-0.5,868.5325610070724
22,11,ingroup,-0.5,486.2290660243706
22,12,ingroup,-0.5,701.9307960151888
22,13,ingroup,-0.5,582.6648667347595
22,14,ingroup,-0.5,861.7482184701032
22,15,ingroup,-0.5,497.06789575144535
22,16,ingroup,-0.5,190.69379551164184
22,17,ingroup,-0.5,979.17688058739
22,18,ingroup,-0.5,1301.5476985856526
22,19,ingroup,-0.5,733.7885076614555
22,20,ingroup,-0.5,796.1974859333976
22,21,ingroup,-0.5,755.5979586908281
22,22,ingroup,-0.5,987.8972456233938
22,23,ingroup,-0.5,709.8790123712345
22,24,ingroup,-0.5,817.452715018997
22,25,ingroup,-0.5,398.5460844068539
22,26,outgroup,0.5,1049.524635978411
22,27,outgroup,0.5,787.844521554634
22,28,outgroup,0.5,630.6222374286281
22,29,outgroup,0.5,816.8115085959114
22,30,outgroup,0.5,766.0525418315635
22,31,outgroup,0.5,993.7804755994347
22,32,outgroup,0.5,596.6996113238127
22,33,outgroup,0.5,753.9956746825337
22,34,outgroup,0.5,1055.1725986803751
22,35,outgroup,0.5,1097.7114854665222
22,36,outgroup,0.5,1150.747330813812
22,37,outgroup,0.5,1164.3654229907238
22,38,outgroup,0.5,825.6555837783344
22,39,outgroup,0.5,702.2706903719084
22,40,outgroup,0.5,1040.9357372215493
22,41,outgroup,0.5,1096.471183282223
22,42,outgroup,0.5,1422.3837595206448
22,43,outgroup,0.5,458.8544032506105
22,44,outgroup,0.5,928.1921895525039
22,45,outgroup,0.5,927.0054048059849
22,46,outgroup,0.5,878.2329636622565
22,47,outgroup,0.5,488.651908147745
22,48,outgroup,0.5,875.3779792614957
22,49,outgroup,0.5,695.1453302218526
22,50,outgroup,0.5,1097.5634384045238
23,1,ingroup,-0.5,821.0038020710045
23,2,ingroup,-0.5,1003.3943607154351
23,3,ingroup,-0.5,843.7918772148806
23,4,ingroup,-0.5,1051.826801001431
23,5,ingroup,-0.5,893.2794044563146
23,6,ingroup,-0.5,436.36806890790587
23,7,ingroup,-0.5,905.7029120155615
23,8,ingroup,-0.5,1222.087134007751
23,9,ingroup,-0.5,609.2505593929563
23,10,ingroup,-0.5,813.2617630454548
23,11,ingroup,-0.5,712.5793760410774
23,12,ingroup,-0.5,918.4971750419303
23,13,ingroup,-0.5,751.3282005941136
23,14,ingroup,-0.5,692.0162702799437
23,15,ingroup,-0.5,851.1117406053528
23,16,ingroup,-0.5,785.9584930566206
23,17,ingroup,-0.5,675.984609370069
23,18,ingroup,-0.5,880.9778920860208
23,19,ingroup,-0.5,934.9022455414007
23,20,ingroup,-0.5,516.5768535159505
23,21,ingroup,-0.5,1012.8706899664087
23,22,ingroup,-0.5,1161.0231829235368
23,23,ingroup,-0.5,922.3279346983504
23,24,ingroup,-0.5,713.6729949482769
23,25,ingroup,-0.5,421.6325640475627
23,26,outgroup,0.5,905.4554311958581
23,27,outgroup,0.5,1095.752228639898
23,28,outgroup,0.5,1128.6239339138458
23,29,outgroup,0.5,672.9038265913078
23,30,outgroup,0.5,630.4608115964207
23,31,outgroup,0.5,870.3703679968104
23,32,outgroup,0.5,1017.0774268070617
23,33,outgroup,0.5,1101.7930728723932
23,34,outgroup,0.5,982.5093487466136
23,35,outgroup,0.5,694.065573274297
23,36,outgroup,0.5,717.2657507484214
23,37,outgroup,0.5,491.2390182843696
23,38,outgroup,0.5,947.5182673129978
23,39,outgroup,0.5,1045.9520808548275
23,40,outgroup,0.5,1058.7474025689528
23,41,outgroup,0.5,734.5840088698537
23,42,outgroup,0.5,1314.882795171383
23,43,outgroup,0.5,839.503884875249
23,44,outgroup,0.5,1291.0350611933582
23,45,outgroup,0.5,968.0092292032499
23,46,outgroup,0.5,1188.8971637065167
23,47,outgroup,0.5,928.0191430587275
23,48,outgroup,0.5,775.8296951793503
23,49,outgroup,0.5,710.1352047550727
23,50,outgroup,0.5,946.3706405552282
24,1,ingroup,-0.5,385.0128595391273
24,2,ingroup,-0.5,595.1745316421093
24,3,ingroup,-0.5,714.6438256055245
24,4,ingroup,-0.5,741.4002788057778
24,5,ingroup,-0.5,597.0264870670931
24,6,ingroup,-0.5,988.302221460376
24,7,ingroup,-0.5,934.2985033934176
24,8,ingroup,-0.5,681.6146004367081
24,9,ingroup,-0.5,605.9182594794737
24,10,ingroup,-0.5,660.0304359292446
24,11,ingroup,-0.5,542.1514512761458
24,12,ingroup,-0.5,608.5938655834893
24,13,ingroup,-0.5,789.683265306214
24,14,ingroup,-0.5,964.2249311651732
24,15,ingroup,-0.5,876.3998301237593
24,16,ingroup,-0.5,698.6759820508622
24,17,ingroup,-0.5,784.924973938683
24,18,ingroup,-0.5,1027.7832901691074
24,19,ingroup,-0.5,818.8389248316489
24,20,ingroup,-0.5,757.2845290756944
24,21,ingroup,-0.5,550.13043478768
24,22,ingroup,-0.5,665.2508488185217
24,23,ingroup,-0.5,537.1370715306502
24,24,ingroup,-0.5,837.9993234798753
24,25,ingroup,-0.5,851.9837783007255
24,26,outgroup,0.5,817.8567393634069
24,27,outgroup,0.5,714.4192353500591
24,28,outgroup,0.5,735.0242463587041
24,29,outgroup,0.5,922.5217990430076
24,30,outgroup,0.5,1072.422379589122
24,31,outgroup,0.5,634.1588174242793
24,32,outgroup,0.5,762.8659186611874
24,33,outgroup,0.5,941.3073475406254
24,34,outgroup,0.5,656.2713583351915
24,35,outgroup,0.5,859.9396300206207
24,36,outgroup,0.5,918.2320339816819
24,37,outgroup,0.5,686.4571511518254
24,38,outgroup,0.5,960.7844733840319
24,39,outgroup,0.5,997.5558305344716
24,40,outgroup,0.5,1144.3696615243193
24,41,outgroup,0.5,1147.972710697527
24,42,outgroup,0.5,848.031582985934
24,43,outgroup,0.5,768.6013258352014
24,44,outgroup,0.5,935.4354843815028
24,45,outgroup,0.5,931.7095188863951
24,46,outgroup,0.5,830.8742988333667
24,47,outgroup,0.5,725.1942315086854
24,48,outgroup,0.5,613.0703306773308
24,49,outgroup,0.5,1157.0496919639995
24,50,outgroup,0.5,504.40470357414046
25,1,ingroup,-0.5,956.6315258535535
25,2,ingroup,-0.5,1124.8340202269012
25,3,ingroup,-0.5,667.0104848388228
25,4,ingroup,-0.5,918.4855553327976
25,5,ingroup,-0.5,854.9032846910375
25,6,ingroup,-0.5,852.0416988812124
25,7,ingroup,-0.5,772.7895594291806
25,8,ingroup,-0.5,1065.0184224226323
25,9,ingroup,-0.5,837.2563437852617
25,10,ingroup,-0.5,687.7930487119723
25,11,ingroup,-0.5,462.20608100821795
25,12,ingroup,-0.5,956.5430824529715
25,13,ingroup,-0.5,1114.0197885461448
25,14,ingroup,-0.5,1120.5612615959437
25,15,ingroup,-0.5,1034.0281184262199
25,16,ingroup,-0.5,670.5501465204119
25,17,ingroup,-0.5,629.5633167436606
25,18,ingroup,-0.5,779.9344410984797
25,19,ingroup,-0.5,793.0739183406729
25,20,ingroup,-0.5,836.4323891940485
25,21,ingroup,-0.5,858.996142568856
25,22,ingroup,-0.5,372.3806448481874
25,23,ingroup,-0.5,277.5509763234198
25,24,ingroup,-0.5,822.7713796778486
25,25,ingroup,-0.5,838.9794006451883
25,26,outgroup,0.5,434.9873789750352
25,27,outgroup,0.5,758.2745469648173
25,28,outgroup,0.5,980.3812322742037
25,29,outgroup,0.5,1213.0767721771062
25,30,outgroup,0.5,452.3831756888012
25,31,outgroup,0.5,594.3989930330421
25,32,outgroup,0.5,677.6661958962009
25,33,outgroup,0.5,964.1523634392265
25,34,outgroup,0.5,887.2652048498273
25,35,outgroup,0.5,825.3892330156709
25,36,outgroup,0.5,659.187432006576
25,37,outgroup,0.5,769.4988981115173
25,38,outgroup,0.5,736.3009380444119
25,39,outgroup,0.5,841.6799184256931
25,40,outgroup,0.5,1318.0207086384337
25,41,outgroup,0.5,812.9211995926718
25,42,outgroup,0.5,1018.4587338174067
25,43,outgroup,0.5,774.3199490306996
25,44,outgroup,0.5,689.0482266935903
25,45,outgroup,0.5,986.7848153690096
25,46,outgroup,0.5,742.5757063670173
25,47,outgroup,0.5,1410.80694333244
25,48,outgroup,0.5,809.1391359729234
25,49,outgroup,0.5,926.5619412536055
25,50,outgroup,0.5,1046.6308439994827
26,1,ingroup,-0.5,1237.8966822875343
26,2,ingroup,-0.5,1141.254936637828
26,3,ingroup,-0.5,714.2975398312389
26,4,ingroup,-0.5,1039.068613287204
26,5,ingroup,-0.5,834.4435296891336
26,6,ingroup,-0.5,584.9539110445662
26,7,ingroup,-0.5,1009.0278026889827
26,8,ingroup,-0.5,783.8901860009908
26,9,ingroup,-0.5,545.8979454613793
26,10,ingroup,-0.5,920.4775512834905
26,11,ingroup,-0.5,594.9894368727887
26,12,ingroup,-0.5,830.9601643513696
26,13,ingroup,-0.5,663.6662931008964
26,14,ingroup,-0.5,885.540199202739
26,15,ingroup,-0.5,987.8640668112884
26,16,ingroup,-0.5,897.5797622982866
26,17,ingroup,-0.5,550.6746563099312
26,18,ingroup,-0.5,1178.9733935350137
26,19,ingroup,-0.5,1203.9013858610897
26,20,ingroup,-0.5,799.0709013395597
26,21,ingroup,-0.5,869.1062525526323
26,22,ingroup,-0.5,789.0148938874022
26,23,ingroup,-0.5,731.0712425882982
26,24,ingroup,-0.5,932.516467283285
26,25,ingroup,-0.5,866.2499260926527
26,26,outgroup,0.5,1041.4958847068713
26,27,outgroup,0.5,868.6592867935632
26,28,outgroup,0.5,1214.9869907771326
26,29,outgroup,0.5,927.4320299295175
26,30,outgroup,0.5,518.0671211878565
26,31,outgroup,0.5,839.7927778945881
26,32,outgroup,0.5,997.3806590124516
26,33,outgroup,0.5,1189.3284854180276
26,34,outgroup,0.5,847.3884502318296
26,35,outgroup,0.5,515.7622420833802
26,36,outgroup,0.5,996.8685259234767
26,37,outgroup,0.5,670.0160002327176
26,38,outgroup,0.5,667.4259977874702
26,39,outgroup,0.5,691.3197682039345
26,40,outgroup,0.5,847.8472906514171
26,41,outgroup,0.5,1189.9501269334407
26,42,outgroup,0.5,851.1490760227312
26,43,outgroup,0.5,841.8360657073198
26,44,outgroup,0.5,988.1774919242558
26,45,outgroup,0.5,1051.9201640529586
26,46,outgroup,0.5,833.609443424401
26,47,outgroup,0.5,712.769335775833
26,48,outgroup,0.5,701.1524071065435
26,49,outgroup,0.5,694.4164893330261
26,50,outgroup,0.5,1258.1955592374486
27,1,ingroup,-0.5,381.33884081607306
27,2,ingroup,-0.5,932.4712834472962
27,3,ingroup,-0.5,357.1132929706764
27,4,ingroup,-0.5,780.1998995849557
27,5,ingroup,-0.5,573.5742033772242
27,6,ingroup,-0.5,639.5819381492914
27,7,ingroup,-0.5,1096.0806452968022
27,8,ingroup,-0.5,678.8781638410837
27,9,ingroup,-0.5,447.9445659972329
27,10,ingroup,-0.5,317.9869559103451
27,11,ingroup,-0.5,421.9774938606123
27,12,ingroup,-0.5,473.0742688685502
27,13,ingroup,-0.5,786.5399436156476
27,14,ingroup,-0.5,548.2917607193409
27,15,ingroup,-0.5,796.744459075623
27,16,ingroup,-0.5,614.3265096841259
27,17,ingroup,-0.5,325.55511166245327
27,18,ingroup,-0.5,615.784682273964
27,19,ingroup,-0.5,928.8708301525526
27,20,ingroup,-0.5,751.6453291371287
27,21,ingroup,-0.5,1085.266293724694
27,22,ingroup,-0.5,619.3715474320352
27,23,ingroup,-0.5,226.93798649272617
27,24,ingroup,-0.5,550.0896400245308
27,25,ingroup,-0.5,767.1241991598539
27,26,outgroup,0.5,1155.8727492864284
27,27,outgroup,0.5,822.9290517405738
27,28,outgroup,0.5,1082.3096018859515
27,29,outgroup,0.5,953.6990850056537
27,30,outgroup,0.5,500.7018318551816
27,31,outgroup,0.5,690.6285531018564
27,32,outgroup,0.5,1034.1431075347725
27,33,outgroup,0.5,983.6556045540293
27,34,outgroup,0.5,793.2198238059268
27,35,outgroup,0.5,864.3131632765156
27,36,outgroup,0.5,762.7353444800832
27,37,outgroup,0.5,511.0955537409312
27,38,outgroup,0.5,986.8465284672409
27,39,outgroup,0.5,477.5155119011016
27,40,outgroup,0.5,685.027723396323
27,41,outgroup,0.5,953.4315391096295
27,42,outgroup,0.5,630.1301778371387
27,43,outgroup,0.5,684.3887696269138
27,44,outgroup,0.5,579.897130071269
27,45,outgroup,0.5,863.0911822664699
27,46,outgroup,0.5,921.3272805505762
27,47,outgroup,0.5,827.505278988129
27,48,outgroup,0.5,758.4827377619984
27,49,outgroup,0.5,905.3236102390484
27,50,outgroup,0.5,1067.1744195211486
28,1,ingroup,-0.5,1112.198700873958
28,2,ingroup,-0.5,1311.4333244527932
28,3,ingroup,-0.5,1041.6037345758223
28,4,ingroup,-0.5,1006.4600389521563
28,5,ingroup,-0.5,844.0922153125848
28,6,ingroup,-0.5,815.4700968288794
28,7,ingroup,-0.5,957.1236523620519
28,8,ingroup,-0.5,973.737267700626
28,9,ingroup,-0.5,1074.9241432348392
28,10,ingroup,-0.5,382.02973653506984
28,11,ingroup,-0.5,668.5318526763676
28,12,ingroup,-0.5,905.5189746443402
28,13,ingroup,-0.5,674.0829317909222
28,14,ingroup,-0.5,1270.4966401175964
28,15,ingroup,-0.5,914.930300043198
28,16,ingroup,-0.5,646.0122891865653
28,17,ingroup,-0.5,659.7286984580527
28,18,ingroup,-0.5,1174.1691800967653
28,19,ingroup,-0.5,1351.4341154174085
28,20,ingroup,-0.5,771.9603193593407
28,21,ingroup,-0.5,931.3413085154046
28,22,ingroup,-0.5,656.1645052765444
28,23,ingroup,-0.5,1015.2161996105644
28,24,ingroup,-0.5,1074.0883388723303
28,25,ingroup,-0.5,445.35971379589165
28,26,outgroup,0.5,775.3701690914935
28,27,outgroup,0.5,882.674924131838
28,28,outgroup,0.5,761.1712981316668
28,29,outgroup,0.5,874.0091848942847
28,30,outgroup,0.5,636.2031213733239
28,31,outgroup,0.5,925.2838702484571
28,32,outgroup,0.5,968.790948985778
28,33,outgroup,0.5,1099.2044492102373
28,34,outgroup,0.5,912.3230186265959
28,35,outgroup,0.5,1216.284317919427
28,36,outgroup,0.5,912.3600250118579
28,37,outgroup,0.5,472.88313887000004
28,38,outgroup,0.5,861.4644088644711
28,39,outgroup,0.5,1020.1003751871012
28,40,outgroup,0.5,921.1309833824429
28,41,outgroup,0.5,1236.3850320797583
28,42,outgroup,0.5,1230.0940193997872
28,43,outgroup,0.5,1030.8327080132299
28,44,outgroup,0.5,958.9831789302011
28,45,outgroup,0.5,757.2295400294374
28,46,outgroup,0.5,925.2471996140831
28,47,outgroup,0.5,965.5351058148909
28,48,outgroup,0.5,992.1203369299235
28,49,outgroup,0.5,863.2227255479088
28,50,outgroup,0.5,922.2236653898328
29,1,ingroup,-0.5,800.6178888053994
29,2,ingroup,-0.5,830.9147394015215
29,3,ingroup,-0.5,568.037451742767
29,4,ingroup,-0.5,748.4240881646875
29,5,ingroup,-0.5,806.6811052815177
29,6,ingroup,-0.5,767.1838816441274
29,7,ingroup,-0.5,943.7027011848387
29,8,ingroup,-0.5,1213.4382820965707
29,9,ingroup,-0.5,679.010053504777
29,10,ingroup,-0.5,604.9567820025229
29,11,ingroup,-0.5,82.55328369408545
29,12,ingroup,-0.5,1186.2168066176685
29,13,ingroup,-0.5,549.9781356330743
29,14,ingroup,-0.5,1137.4023485663424
29,15,ingroup,-0.5,752.4275612973408
29,16,ingroup,-0.5,892.8608426594162
29,17,ingroup,-0.5,531.8882790357137
29,18,ingroup,-0.5,817.7631859844761
29,19,ingroup,-0.5,736.2027306958169
29,20,ingroup,-0.5,475.36876769786346
29,21,ingroup,-0.5,601.635669566417
29,22,ingroup,-0.5,764.2172719071897
29,23,ingroup,-0.5,427.3745155212017
29,24,ingroup,-0.5,237.79934216575015
29,25,ingroup,-0.5,587.8114440522061
29,26,outgroup,0.5,770.1185853081412
29,27,outgroup,0.5,810.5333522163194
29,28,outgroup,0.5,863.8607822491466
29,29,outgroup,0.5,347.97750178678757
29,30,outgroup,0.5,694.3835497742893
29,31,outgroup,0.5,804.7379074376431
29,32,outgroup,0.5,914.7215184521697
29,33,outgroup,0.5,649.7591103194259
29,34,outgroup,0.5,522.3970601492093
29,35,outgroup,0.5,952.7728624701501
29,36,outgroup,0.5,413.745777259502
29,37,outgroup,0.5,573.9216029205489
29,38,outgroup,0.5,705.5687680658725
29,39,outgroup,0.5,324.3196390516444
29,40,outgroup,0.5,815.0474617172428
29,41,outgroup,0.5,1089.5263267095024
29,42,outgroup,0.5,768.0719389211931
29,43,outgroup,0.5,625.3870291821572
29,44,outgroup,0.5,797.7543561279776
29,45,outgroup,0.5,569.4590184566209
29,46,outgroup,0.5,881.0597339321724
29,47,outgroup,0.5,810.3304151167328
29,48,outgroup,0.5,556.8430974722975
29,49,outgroup,0.5,444.8510113067175
29,50,outgroup,0.5,561.9739575286302
30,1,ingroup,-0.5,624.2828032125766
30,2,ingroup,-0.5,1087.840582413985
30,3,ingroup,-0.5,662.5401207758467
30,4,ingroup,-0.5,1011.3216620222806
30,5,ingroup,-0.5,842.9919718236382
30,6,ingroup,-0.5,1043.6459671216073
30,7,ingroup,-0.5,1011.9106818417617
30,8,ingroup,-0.5,989.4400677493444
30,9,ingroup,-0.5,1156.5317713748943
30,10,ingroup,-0.5,917.3162487380157
30,11,ingroup,-0.5,928.8447201397216
30,12,ingroup,-0.5,1022.3104531430762
30,13,ingroup,-0.5,1040.2971471298756
30,14,ingroup,-0.5,1209.059420763354
30,15,ingroup,-0.5,945.5347373115161
30,16,ingroup,-0.5,913.2003139730352
30,17,ingroup,-0.5,1227.2138916423069
30,18,ingroup,-0.5,888.9180941674467
30,19,ingroup,-0.5,1231.0696524831033
30,20,ingroup,-0.5,670.6339901665898
30,21,ingroup,-0.5,1247.1990913634534
30,22,ingroup,-0.5,707.8576505946994
30,23,ingroup,-0.5,584.248411380942
30,24,ingroup,-0.5,1132.073087752307
30,25,ingroup,-0.5,1099.4323221492452
30,26,outgroup,0.5,1034.7394167546097
30,27,outgroup,0.5,1004.1166998757953
30,28,outgroup,0.5,1051.1559644837469
30,29,outgroup,0.5,1359.5867322316121
30,30,outgroup,0.5,596.3650241901404
30,31,outgroup,0.5,676.1355870992837
30,32,outgroup,0.5,665.814542639127
30,33,outgroup,0.5,1149.139247665225
30,34,outgroup,0.5,799.8839753807033
30,35,outgroup,0.5,891.4403899768902
30,36,outgroup,0.5,1366.2295351449002
30,37,outgroup,0.5,807.7190928079739
30,38,outgroup,0.5,1280.8720575047457
30,39,outgroup,0.5,628.2230144608701
30,40,outgroup,0.5,1284.9257969022965
30,41,outgroup,0.5,1040.8145080757365
30,42,outgroup,0.5,953.4007506718434
30,43,outgroup,0.5,908.7472385591669
30,44,outgroup,0.5,1232.8037319386574
30,45,outgroup,0.5,1228.2714121511667
30,46,outgroup,0.5,644.922879967798
30,47,outgroup,0.5,1575.8990289599114
30,48,outgroup,0.5,1334.130081163535
30,49,outgroup,0.5,837.3618609872462
30,50,outgroup,0.5,1074.9785070407681
31,1,ingroup,-0.5,892.6422822315235
31,2,ingroup,-0.5,615.010044230343
31,3,ingroup,-0.5,166.79660818361026
31,4,ingroup,-0.5,566.8221706751547
31,5,ingroup,-0.5,702.045676374026
31,6,ingroup,-0.5,873.3849921886999
31,7,ingroup,-0.5,467.32678047368535
31,8,ingroup,-0.5,558.5049943832558
31,9,ingroup,-0.5,970.9730251977128
31,10,ingroup,-0.5,548.6376256774647
31,11,ingroup,-0.5,697.7568773119858
31,12,ingroup,-0.5,614.4238868096371
31,13,ingroup,-0.5,658.7338680786909
31,14,ingroup,-0.5,751.841191984967
31,15,ingroup,-0.5,751.6281613728004
31,16,ingroup,-0.5,618.5997057883003
31,17,ingroup,-0.5,531.8079913588697
31,18,ingroup,-0.5,177.83380220176218
31,19,ingroup,-0.5,1139.079179950761
31,20,ingroup,-0.5,942.614694337826
31,21,ingroup,-0.5,477.4350312637253
31,22,ingroup,-0.5,599.9658454330012
31,23,ingroup,-0.5,814.6581509746562
31,24,ingroup,-0.5,916.9307907810064
31,25,ingroup,-0.5,954.2465626839819
31,26,outgroup,0.5,633.3038674616382
31,27,outgroup,0.5,1388.1886150783362
31,28,outgroup,0.5,699.3480136923052
31,29,outgroup,0.5,1022.6738612299723
31,30,outgroup,0.5,834.3831211538994
31,31,outgroup,0.5,715.9167887485352
31,32,outgroup,0.5,769.0154094151454
31,33,outgroup,0.5,681.9647889147595
31,34,outgroup,0.5,1096.800323429842
31,35,outgroup,0.5,858.6007285398035
31,36,outgroup,0.5,984.6677631509525
31,37,outgroup,0.5,888.706951808092
31,38,outgroup,0.5,724.5349884749193
31,39,outgroup,0.5,606.5629300695912
31,40,outgroup,0.5,995.3599380603946
31,41,outgroup,0.5,480.7184193999894
31,42,outgroup,0.5,670.6634679340494
31,43,outgroup,0.5,651.2912820799094
31,44,outgroup,0.5,672.5290276794071
31,45,outgroup,0.5,832.2040028202093
31,46,outgroup,0.5,1223.5699556740192
31,47,outgroup,0.5,511.87128030651144
31,48,outgroup,0.5,828.5327562383065
31,49,outgroup,0.5,1045.591180413582
31,50,outgroup,0.5,813.2044494553836
32,1,ingroup,-0.5,849.7638014531436
32,2,ingroup,-0.5,353.27784556285917
32,3,ingroup,-0.5,799.7888445676027
32,4,ingroup,-0.5,753.1472838231456
32,5,ingroup,-0.5,544.3156291733096
32,6,ingroup,-0.5,703.9475393172963
32,7,ingroup,-0.5,1100.7139637777411
32,8,ingroup,-0.5,690.2416304118772
32,9,ingroup,-0.5,738.2008423606658
32,10,ingroup,-0.5,712.1654270147878
32,11,ingroup,-0.5,369.229482785849
32,12,ingroup,-0.5,380.12290530660215
32,13,ingroup,-0.5,328.4496485494581
32,14,ingroup,-0.5,853.1635506457923
32,15,ingroup,-0.5,751.0037381950344
32,16,ingroup,-0.5,1035.7424464071325
32,17,ingroup,-0.5,749.0186677285213
32,18,ingroup,-0.5,965.8615160663235
32,19,ingroup,-0.5,1040.741154639306
32,20,ingroup,-0.5,492.9023907845187
32,21,ingroup,-0.5,808.1873229415644
32,22,ingroup,-0.5,815.8623615921205
32,23,ingroup,-0.5,821.9897853210579
32,24,ingroup,-0.5,878.3193731241347
32,25,ingroup,-0.5,791.672031230589
32,26,outgroup,0.5,594.9343753175104
32,27,outgroup,0.5,939.5730017084388
32,28,outgroup,0.5,947.0191138081859
32,29,outgroup,0.5,919.6665772728546
32,30,outgroup,0.5,811.7828678573705
32,31,outgroup,0.5,677.2171770770982
32,32,outgroup,0.5,750.4513230427042
32,33,outgroup,0.5,938.6429077554211
32,34,outgroup,0.5,727.5205993415464
32,35,outgroup,0.5,595.6023018000132
32,36,outgroup,0.5,795.7182830251012
32,37,outgroup,0.5,503.88117403874077
32,38,outgroup,0.5,527.0886922314679
32,39,outgroup,0.5,725.3708986716549
32,40,outgroup,0.5,505.91409852677486
32,41,outgroup,0.5,482.6637481516167
32,42,outgroup,0.5,1095.8158300665468
32,43,outgroup,0.5,672.1727699034552
32,44,outgroup,0.5,438.852387981738
32,45,outgroup,0.5,709.119525299156
32,46,outgroup,0.5,1089.012233131531
32,47,outgroup,0.5,868.3129021845906
32,48,outgroup,0.5,751.0001254678695
32,49,outgroup,0.5,1023.3573458834998
32,50,outgroup,0.5,777.7365353711376
33,1,ingroup,-0.5,372.10262420333453
33,2,ingroup,-0.5,746.9447225519733
33,3,ingroup,-0.5,680.0673314911256
33,4,ingroup,-0.5,978.6118708206222
33,5,ingroup,-0.5,435.5523788109182
33,6,ingroup,-0.5,595.1433617803334
33,7,ingroup,-0.5,601.1215564223983
33,8,ingroup,-0.5,1018.5008881890786
33,9,ingroup,-0.5,872.1413000044638
33,10,ingroup,-0.5,791.2157981939456
33,11,ingroup,-0.5,350.39913189044887
33,12,ingroup,-0.5,808.4643319124135
33,13,ingroup,-0.5,946.8032398651567
33,14,ingroup,-0.5,766.243504291193
33,15,ingroup,-0.5,634.4768837137868
33,16,ingroup,-0.5,438.1510573544249
33,17,ingroup,-0.5,490.9696867555678
33,18,ingroup,-0.5,928.6386088313562
33,19,ingroup,-0.5,677.2788172876166
33,20,ingroup,-0.5,628.3157981572176
33,21,ingroup,-0.5,954.9034962216142
33,22,ingroup,-0.5,747.5172954288672
33,23,ingroup,-0.5,810.800603806847
33,24,ingroup,-0.5,375.21978311846635
33,25,ingroup,-0.5,641.0539404720506
33,26,outgroup,0.5,779.4730466813321
33,27,outgroup,0.5,907.2590458497415
33,28,outgroup,0.5,611.0048730298729
33,29,outgroup,0.5,951.9337556320686
33,30,outgroup,0.5,786.4121319865243
33,31,outgroup,0.5,768.2262467511808
33,32,outgroup,0.5,865.4017190616546
33,33,outgroup,0.5,775.7786551348571
33,34,outgroup,0.5,876.1837756675993
33,35,outgroup,0.5,889.1502294228472
33,36,outgroup,0.5,821.5884901638332
33,37,outgroup,0.5,973.6619807533209
33,38,outgroup,0.5,776.887067765625
33,39,outgroup,0.5,885.9236505977897
33,40,outgroup,0.5,744.585339488054
33,41,outgroup,0.5,1134.3388684782549
33,42,outgroup,0.5,872.3852593204715
33,43,outgroup,0.5,954.9453665355767
33,44,outgroup,0.5,787.0476867246357
33,45,outgroup,0.5,673.6464497999694
33,46,outgroup,0.5,979.5662867543678
33,47,outgroup,0.5,416.8189718905659
33,48,outgroup,0.5,756.2769733670864
33,49,outgroup,0.5,863.2016960376329
33,50,outgroup,0.5,390.8512077775514
34,1,ingroup,-0.5,804.2686294243481
34,2,ingroup,-0.5,856.2998708775989
34,3,ingroup,-0.5,517.6019490249766
34,4,ingroup,-0.5,982.7111098981429
34,5,ingroup,-0.5,351.581357892899
34,6,ingroup,-0.5,958.0064726088448
34,7,ingroup,-0.5,555.1273382414558
34,8,ingroup,-0.5,438.4551702706825
34,9,ingroup,-0.5,535.5633188471365
34,10,ingroup,-0.5,738.0458325475084
34,11,ingroup,-0.5,536.5156760959593
34,12,ingroup,-0.5,678.1658101525042
34,13,ingroup,-0.5,855.3036982434744
34,14,ingroup,-0.5,592.824424489156
34,15,ingroup,-0.5,802.4781417838313
34,16,ingroup,-0.5,826.9106047055188
34,17,ingroup,-0.5,1022.7774778522657
34,18,ingroup,-0.5,953.5086145324728
34,19,ingroup,-0.5,1178.512936440299
34,20,ingroup,-0.5,745.3741175180883
34,21,ingroup,-0.5,767.2154123654263
34,22,ingroup,-0.5,252.49263672804267
34,23,ingroup,-0.5,364.8836377689554
34,24,ingroup,-0.5,723.692519545848
34,25,ingroup,-0.5,911.5925882285106
34,26,outgroup,0.5,803.566920279065
34,27,outgroup,0.5,1001.8811039108116
34,28,outgroup,0.5,733.6941190997244
34,29,outgroup,0.5,837.481033204305
34,30,outgroup,0.5,869.9455153812931
34,31,outgroup,0.5,745.1980925289208
34,32,outgroup,0.5,887.881291869081
34,33,outgroup,0.5,766.51093003141
34,34,outgroup,0.5,867.553792751483
34,35,outgroup,0.5,844.9034883061033
34,36,outgroup,0.5,943.8306877985528
34,37,outgroup,0.5,477.4393517277575
34,38,outgroup,0.5,685.2518066524461
34,39,outgroup,0.5,555.8547458620527
34,40,outgroup,0.5,643.8874484206431
34,41,outgroup,0.5,821.0860730438291
34,42,outgroup,0.5,942.6335667731532
34,43,outgroup,0.5,943.707050048811
34,44,outgroup,0.5,1126.9337140950438
34,45,outgroup,0.5,920.0626827124117
34,46,outgroup,0.5,1126.7028979818672
34,47,outgroup,0.5,730.0904354136997
34,48,outgroup,0.5,700.6459013023285
34,49,outgroup,0.5,1103.132390455726
34,50,outgroup,0.5,1031.768710521881
35,1,ingroup,-0.5,1086.8408976283279
35,2,ingroup,-0.5,978.1876955115671
35,3,ingroup,-0.5,963.9629822278279
35,4,ingroup,-0.5,715.1413558874067
35,5,ingroup,-0.5,783.6466288633544
35,6,ingroup,-0.5,918.1519382447884
35,7,ingroup,-0.5,701.8876589828329
35,8,ingroup,-0.5,1219.8541910156944
35,9,ingroup,-0.5,509.00365912240466
35,10,ingroup,-0.5,766.2226727801269
35,11,ingroup,-0.5,724.8847524337231
35,12,ingroup,-0.5,842.0464469153136
35,13,ingroup,-0.5,774.2669638171396
35,14,ingroup,-0.5,922.2811435300019
35,15,ingroup,-0.5,641.1043298703481
35,16,ingroup,-0.5,497.1403457889102
35,17,ingroup,-0.5,592.7549962018097
35,18,ingroup,-0.5,873.8425948287925
35,19,ingroup,-0.5,1114.599079392271
35,20,ingroup,-0.5,999.9221160989686
35,21,ingroup,-0.5,859.4491075533623
35,22,ingroup,-0.5,807.8071098304658
35,23,ingroup,-0.5,588.7755487411099
35,24,ingroup,-0.5,824.7848384180144
35,25,ingroup,-0.5,515.9185021513106
35,26,outgroup,0.5,842.4922405295636
35,27,outgroup,0.5,702.4765230368068
35,28,outgroup,0.5,929.8280039232937
35,29,outgroup,0.5,739.5465686792278
35,30,outgroup,0.5,610.6570217542854
35,31,outgroup,0.5,689.6888206373454
35,32,outgroup,0.5,708.3698305814213
35,33,outgroup,0.5,1036.0120366462472
35,34,outgroup,0.5,750.9622244227194
35,35,outgroup,0.5,864.0486118747095
35,36,outgroup,0.5,621.505699804735
35,37,outgroup,0.5,1082.9969707783018
35,38,outgroup,0.5,768.2954709760583
35,39,outgroup,0.5,598.9631419967633
35,40,outgroup,0.5,943.2762488697798
35,41,outgroup,0.5,1010.3853590175634
35,42,outgroup,0.5,614.4936724976733
35,43,outgroup,0.5,1141.4442587305111
35,44,outgroup,0.5,793.5109028350187
35,45,outgroup,0.5,971.8526392933354
35,46,outgroup,0.5,855.1769534836667
35,47,outgroup,0.5,685.3037838629732
35,48,outgroup,0.5,311.6657864504247
35,49,outgroup,0.5,582.5000296887489
35,50,outgroup,0.5,939.6950735864858
36,1,ingroup,-0.5,597.997018275208
36,2,ingroup,-0.5,586.5904753266692
36,3,ingroup,-0.5,460.66545360798347
36,4,ingroup,-0.5,738.0213382023779
36,5,ingroup,-0.5,893.9217346089629
36,6,ingroup,-0.5,852.1263360466439
36,7,ingroup,-0.5,691.100741975281
36,8,ingroup,-0.5,417.115165730657
36,9,ingroup,-0.5,394.6557086466688
36,10,ingroup,-0.5,489.3739574652599
36,11,ingroup,-0.5,562.8530202427703
36,12,ingroup,-0.5,532.7980644161823
36,13,ingroup,-0.5,1065.2951517466138
36,14,ingroup,-0.5,625.4474122514933
36,15,ingroup,-0.5,452.1554672363412
36,16,ingroup,-0.5,574.3679650114547
36,17,ingroup,-0.5,370.2003405401787
36,18,ingroup,-0.5,764.1456900878162
36,19,ingroup,-0.5,757.5833711732382
36,20,ingroup,-0.5,601.1559434861393
36,21,ingroup,-0.5,318.78829625397276
36,22,ingroup,-0.5,623.2381765203685
36,23,ingroup,-0.5,547.2016746117306
36,24,ingroup,-0.5,378.5596651409125
36,25,ingroup,-0.5,835.5079353521537
36,26,outgroup,0.5,895.7638786682797
36,27,outgroup,0.5,1223.9353198254464
36,28,outgroup,0.5,848.6570548773312
36,29,outgroup,0.5,772.5137501127298
36,30,outgroup,0.5,716.7215436370637
36,31,outgroup,0.5,701.8885502768163
36,32,outgroup,0.5,366.4804657396308
36,33,outgroup,0.5,437.2951914483262
36,34,outgroup,0.5,648.0370226760548
36,35,outgroup,0.5,615.7610586297683
36,36,outgroup,0.5,835.0479300753768
36,37,outgroup,0.5,315.8151622995935
36,38,outgroup,0.5,391.1059399375559
36,39,outgroup,0.5,504.346942988667
36,40,outgroup,0.5,1033.1027720914667
36,41,outgroup,0.5,571.0247597295663
36,42,outgroup,0.5,685.7505175416809
36,43,outgroup,0.5,773.8218365582109
36,44,outgroup,0.5,714.9919796046709
36,45,outgroup,0.5,731.3261269962005
36,46,outgroup,0.5,1256.1612941740236
36,47,outgroup,0.5,481.29182662367225
36,48,outgroup,0.5,571.9800758928383
36,49,outgroup,0.5,653.6067915564422
36,50,outgroup,0.5,1204.8664270354643
37,1,ingroup,-0.5,1201.938998266107
37,2,ingroup,-0.5,789.7093575237382
37,3,ingroup,-0.5,942.713726727429
37,4,ingroup,-0.5,709.8171610406336
37,5,ingroup,-0.5,939.8491291254187
37,6,ingroup,-0.5,598.9804569872184
37,7,ingroup,-0.5,987.0628490516725
37,8,ingroup,-0.5,673.0714391059596
37,9,ingroup,-0.5,705.9125008549565
37,10,ingroup,-0.5,695.956754607351
37,11,ingroup,-0.5,923.3444224755497
37,12,ingroup,-0.5,819.1591660200507
37,13,ingroup,-0.5,780.5040656865726
37,14,ingroup,-0.5,1194.4681291789614
37,15,ingroup,-0.5,1299.0425156995043
37,16,ingroup,-0.5,1091.5804657908536
37,17,ingroup,-0.5,543.2914283114178
37,18,ingroup,-0.5,1258.509237632649
37,19,ingroup,-0.5,735.4132066881702
37,20,ingroup,-0.5,785.9122892449477
37,21,ingroup,-0.5,1060.3156612222092
37,22,ingroup,-0.5,806.5825747290802
37,23,ingroup,-0.5,725.297170260685
37,24,ingroup,-0.5,958.1219123687671
37,25,ingroup,-0.5,1000.2704843082226
37,26,outgroup,0.5,1046.8782350005192
37,27,outgroup,0.5,644.4175931576857
37,28,outgroup,0.5,1007.8652069266622
37,29,outgroup,0.5,1046.2131455865801
37,30,outgroup,0.5,1041.2307754849014
37,31,outgroup,0.5,850.1416436006857
37,32,outgroup,0.5,821.3230890567852
37,33,outgroup,0.5,723.6814391940343
37,34,outgroup,0.5,743.4617625867845
37,35,outgroup,0.5,933.3479459509392
37,36,outgroup,0.5,922.7378116257087
37,37,outgroup,0.5,1082.675770912271
37,38,outgroup,0.5,990.0242333589148
37,39,outgroup,0.5,628.5743401756165
37,40,outgroup,0.5,1125.0358931755381
37,41,outgroup,0.5,1124.7420891276338
37,42,outgroup,0.5,1019.0663066105399
37,43,outgroup,0.5,978.2263167665831
37,44,outgroup,0.5,918.7719869154015
37,45,outgroup,0.5,869.0437390417412
37,46,outgroup,0.5,819.4192690278783
37,47,outgroup,0.5,1016.9324771397553
37,48,outgroup,0.5,613.7890817441571
37,49,outgroup,0.5,864.5441467762209
37,50,outgroup,0.5,945.338124177731
38,1,ingroup,-0.5,811.9473334972573
38,2,ingroup,-0.5,692.0043832046083
38,3,ingroup,-0.5,486.7196709268801
38,4,ingroup,-0.5,907.8826023917169
38,5,ingroup,-0.5,975.0734763533693
38,6,ingroup,-0.5,812.7211469438527
38,7,ingroup,-0.5,740.6452117799424
38,8,ingroup,-0.5,1403.8136099380595
38,9,ingroup,-0.5,922.1939118732197
38,10,ingroup,-0.5,1188.4693170761261
38,11,ingroup,-0.5,1002.9523230510052
38,12,ingroup,-0.5,761.2633287930812
38,13,ingroup,-0.5,799.794405840517
38,14,ingroup,-0.5,609.9843563908595
38,15,ingroup,-0.5,1061.2586848158176
38,16,ingroup,-0.5,1145.5717998230627
38,17,ingroup,-0.5,605.3985141539802
38,18,ingroup,-0.5,710.6946521785537
38,19,ingroup,-0.5,1105.611894937799
38,20,ingroup,-0.5,444.96224694995465
38,21,ingroup,-0.5,1245.7018925421621
38,22,ingroup,-0.5,911.7427067971265
38,23,ingroup,-0.5,360.3522806453284
38,24,ingroup,-0.5,951.9847666979329
38,25,ingroup,-0.5,883.6908134779086
38,26,outgroup,0.5,391.9903670837163
38,27,outgroup,0.5,902.3832124010053
38,28,outgroup,0.5,846.6076747000168
38,29,outgroup,0.5,732.4510169289174
38,30,outgroup,0.5,891.8911116419512
38,31,outgroup,0.5,1004.8567354267561
38,32,outgroup,0.5,1228.3201583212128
38,33,outgroup,0.5,391.76244482893117
38,34,outgroup,0.5,959.0104524675268
38,35,outgroup,0.5,688.2476833472482
38,36,outgroup,0.5,1202.1100290112322
38,37,outgroup,0.5,953.9725426545059
38,38,outgroup,0.5,1126.580396126232
38,39,outgroup,0.5,574.8347404963224
38,40,outgroup,0.5,1081.5607582764235
38,41,outgroup,0.5,996.4979996257548
38,42,outgroup,0.5,1201.9691283121106
38,43,outgroup,0.5,858.3567419676391
38,44,outgroup,0.5,1155.087992026679
38,45,outgroup,0.5,759.7938870386705
38,46,outgroup,0.5,856.0447878575017
38,47,outgroup,0.5,858.0317920377149
38,48,outgroup,0.5,565.9669402695786
38,49,outgroup,0.5,812.3877242095697
38,50,outgroup,0.5,1271.1314782366953
39,1,ingroup,-0.5,867.3803973041277
39,2,ingroup,-0.5,673.6533092427717
39,3,ingroup,-0.5,597.9896513007949
39,4,ingroup,-0.5,1232.6332325533278
39,5,ingroup,-0.5,851.7895366555331
39,6,ingroup,-0.5,311.16741374523946
39,7,ingroup,-0.5,886.2160566495486
39,8,ingroup,-0.5,761.77367725255294
39,9,ingroup,-0.5,434.08496466391864
39,10,ingroup,-0.5,720.7210500651931
39,11,ingroup,-0.5,665.9563304665749
39,12,ingroup,-0.5,697.4560129083214
39,13,ingroup,-0.5,1156.337534913319
39,14,ingroup,-0.5,328.000713637445
39,15,ingroup,-0.5,960.4260466055345
39,16,ingroup,-0.5,642.6534702410356
39,17,ingroup,-0.5,800.4163468403309
39,18,ingroup,-0.5,739.9528163706074
39,19,ingroup,-0.5,689.9215437318378
39,20,ingroup,-0.5,285.8002957471301
39,21,ingroup,-0.5,699.108070289861
39,22,ingroup,-0.5,1172.6828864632496
39,23,ingroup,-0.5,780.8899079948683
39,24,ingroup,-0.5,1095.7335936727686
39,25,ingroup,-0.5,925.2656789344726
39,26,outgroup,0.5,1009.7237301361902
39,27,outgroup,0.5,986.5282161887857
39,28,outgroup,0.5,954.3364294496132
39,29,outgroup,0.5,688.602775504135
39,30,outgroup,0.5,632.7589150502882
39,31,outgroup,0.5,409.7087905161054
39,32,outgroup,0.5,776.9529637255725
39,33,outgroup,0.5,993.3332240425242
39,34,outgroup,0.5,911.870813033917
39,35,outgroup,0.5,792.9425613285586
39,36,outgroup,0.5,756.5165873139165
39,37,outgroup,0.5,1438.101811309813
39,38,outgroup,0.5,880.1241827873993
39,39,outgroup,0.5,1050.7001774466496
39,40,outgroup,0.5,810.2964854403592
39,41,outgroup,0.5,825.0727214310775
39,42,outgroup,0.5,977.3162134927392
39,43,outgroup,0.5,1135.0930209074659
39,44,outgroup,0.5,759.1878285728741
39,45,outgroup,0.5,914.7073103136288
39,46,outgroup,0.5,418.1274565952464
39,47,outgroup,0.5,646.7031597533999
39,48,outgroup,0.5,416.61367421654325
39,49,outgroup,0.5,1021.5727106710154
39,50,outgroup,0.5,911.438209707329
40,1,ingroup,-0.5,1082.5290030000042
40,2,ingroup,-0.5,785.4245522517758
40,3,ingroup,-0.5,903.0915131338999
40,4,ingroup,-0.5,969.2040426399102
40,5,ingroup,-0.5,556.8309658239417
40,6,ingroup,-0.5,622.4525120616975
40,7,ingroup,-0.5,919.4622977309891
40,8,ingroup,-0.5,941.7804147209815
40,9,ingroup,-0.5,645.6566564049316
40,10,ingroup,-0.5,527.9837611393217
40,11,ingroup,-0.5,270.30297708254585
40,12,ingroup,-0.5,896.7225612278327
40,13,ingroup,-0.5,751.2606175360842
40,14,ingroup,-0.5,936.0890415546872
40,15,ingroup,-0.5,532.121944417478
40,16,ingroup,-0.5,498.3090751887365
40,17,ingroup,-0.5,695.3654277077355
40,18,ingroup,-0.5,596.707787289678
40,19,ingroup,-0.5,460.62182399438984
40,20,ingroup,-0.5,833.1134485104434
40,21,ingroup,-0.5,969.6897618119899
40,22,ingroup,-0.5,519.4591357086058
40,23,ingroup,-0.5,577.0561505733506
40,24,ingroup,-0.5,582.3427193908269
40,25,ingroup,-0.5,854.076136539936
40,26,outgroup,0.5,871.6207990929643
40,27,outgroup,0.5,728.7461138466344
40,28,outgroup,0.5,801.0997050668989
40,29,outgroup,0.5,689.3775623674405
40,30,outgroup,0.5,923.3059857030353
40,31,outgroup,0.5,940.7638301035266
40,32,outgroup,0.5,950.0967561342917
40,33,outgroup,0.5,741.5694201375298
40,34,outgroup,0.5,444.9376468311912
40,35,outgroup,0.5,976.7764238179127
40,36,outgroup,0.5,927.3155920289784
40,37,outgroup,0.5,868.8051234013507
40,38,outgroup,0.5,1035.897944261535
40,39,outgroup,0.5,684.5672203400459
40,40,outgroup,0.5,1203.32094946037
40,41,outgroup,0.5,846.7112185489541
40,42,outgroup,0.5,841.6425003497349
40,43,outgroup,0.5,855.3246005038371
40,44,outgroup,0.5,996.1719541822122
40,45,outgroup,0.5,799.2263186554136
40,46,outgroup,0.5,753.6742100992639
40,47,outgroup,0.5,788.5144615611141
40,48,outgroup,0.5,263.3145400911535
40,49,outgroup,0.5,793.8831015746501
40,50,outgroup,0.5,1132.2073416207293
41,1,ingroup,-0.5,610.0082249945585
41,2,ingroup,-0.5,898.956857521357
41,3,ingroup,-0.5,228.70629663680353
41,4,ingroup,-0.5,419.18436113200414
41,5,ingroup,-0.5,505.0663916473976
41,6,ingroup,-0.5,736.715131927076
41,7,ingroup,-0.5,595.9097075270745
41,8,ingroup,-0.5,947.1754156537975
41,9,ingroup,-0.5,645.7735399810766
41,10,ingroup,-0.5,562.32529206182
41,11,ingroup,-0.5,721.4181982996461
41,12,ingroup,-0.5,758.5197037163994
41,13,ingroup,-0.5,590.2991597339852
41,14,ingroup,-0.5,741.6510576149761
41,15,ingroup,-0.5,839.9741844759421
41,16,ingroup,-0.5,689.4041370365474
41,17,ingroup,-0.5,455.20096686514626
41,18,ingroup,-0.5,919.4821412417698
41,19,ingroup,-0.5,956.9710450631683
41,20,ingroup,-0.5,600.8204840653104
41,21,ingroup,-0.5,687.5080321674336
41,22,ingroup,-0.5,579.4980537664517
41,23,ingroup,-0.5,932.9219793601396
41,24,ingroup,-0.5,733.5716126651492
41,25,ingroup,-0.5,628.3031532622633
41,26,outgroup,0.5,157.4181707217121
41,27,outgroup,0.5,371.02712290020156
41,28,outgroup,0.5,721.8538455918235
41,29,outgroup,0.5,724.4978818895
41,30,outgroup,0.5,672.8508969046501
41,31,outgroup,0.5,772.3086884982305
41,32,outgroup,0.5,617.4165672548236
41,33,outgroup,0.5,934.5103903850379
41,34,outgroup,0.5,399.3136357721305
41,35,outgroup,0.5,410.35801896620546
41,36,outgroup,0.5,498.3754178648797
41,37,outgroup,0.5,806.588270100754
41,38,outgroup,0.5,594.3336306868131
41,39,outgroup,0.5,802.6792434522661
41,40,outgroup,0.5,702.4218718797509
41,41,outgroup,0.5,592.4163690167778
41,42,outgroup,0.5,692.0548215434366
41,43,outgroup,0.5,307.3957362868053
41,44,outgroup,0.5,465.69022819862045
41,45,outgroup,0.5,333.70779030266874
41,46,outgroup,0.5,926.0853804717058
41,47,outgroup,0.5,506.8185709145103
41,48,outgroup,0.5,711.0380027445858
41,49,outgroup,0.5,980.3288301553312
41,50,outgroup,0.5,784.1044081587357
42,1,ingroup,-0.5,762.6480835611226
42,2,ingroup,-0.5,734.9617698643826
42,3,ingroup,-0.5,428.71123335259364
42,4,ingroup,-0.5,446.679525095802
42,5,ingroup,-0.5,613.4862800426253
42,6,ingroup,-0.5,837.0730828957068
42,7,ingroup,-0.5,1181.8084109714782
42,8,ingroup,-0.5,810.6720169186103
42,9,ingroup,-0.5,926.2742815014758
42,10,ingroup,-0.5,661.5954146626282
42,11,ingroup,-0.5,629.2967592710944
42,12,ingroup,-0.5,794.3495012481676
42,13,ingroup,-0.5,553.9084835501251
42,14,ingroup,-0.5,733.62219557826
42,15,ingroup,-0.5,940.6988200647663
42,16,ingroup,-0.5,516.7400781195925
42,17,ingroup,-0.5,571.0195619033423
42,18,ingroup,-0.5,567.4253175629731
42,19,ingroup,-0.5,845.7920066672083
42,20,ingroup,-0.5,679.0632966603399
42,21,ingroup,-0.5,836.894337345705
42,22,ingroup,-0.5,399.1988310449313
42,23,ingroup,-0.5,570.6235844764273
42,24,ingroup,-0.5,538.0347353339139
42,25,ingroup,-0.5,708.4227966849398
42,26,outgroup,0.5,1012.5902837597431
42,27,outgroup,0.5,668.4421871168172
42,28,outgroup,0.5,965.7889184990655
42,29,outgroup,0.5,618.3691247015056
42,30,outgroup,0.5,606.8345316396303
42,31,outgroup,0.5,780.8154511231944
42,32,outgroup,0.5,605.4883636247055
42,33,outgroup,0.5,436.06343305680275
42,34,outgroup,0.5,921.7142999860763
42,35,outgroup,0.5,809.1817792281522
42,36,outgroup,0.5,712.5085338609888
42,37,outgroup,0.5,344.37687639469453
42,38,outgroup,0.5,1076.4233420318833
42,39,outgroup,0.5,1407.8535919398387
42,40,outgroup,0.5,882.5230062596233
42,41,outgroup,0.5,965.8198875589424
42,42,outgroup,0.5,1095.701167580934
42,43,outgroup,0.5,622.6219830247935
42,44,outgroup,0.5,714.4378029674996
42,45,outgroup,0.5,361.7542808426837
42,46,outgroup,0.5,652.9690482196258
42,47,outgroup,0.5,835.8303143616573
42,48,outgroup,0.5,580.06660293574
42,49,outgroup,0.5,719.2521715776883
42,50,outgroup,0.5,885.0112282775852
43,1,ingroup,-0.5,795.3052800622951
43,2,ingroup,-0.5,981.4604001769702
43,3,ingroup,-0.5,646.5029732998797
43,4,ingroup,-0.5,829.5699856694397
43,5,ingroup,-0.5,774.6251770827107
43,6,ingroup,-0.5,723.0909739054738
43,7,ingroup,-0.5,744.7498014133982
43,8,ingroup,-0.5,819.3600665835763
43,9,ingroup,-0.5,1032.9249666685032
43,10,ingroup,-0.5,848.4444138719166
43,11,ingroup,-0.5,451.9906186689343
43,12,ingroup,-0.5,509.1206089274308
43,13,ingroup,-0.5,684.7471792810638
43,14,ingroup,-0.5,1038.4404731621098
43,15,ingroup,-0.5,846.2647988049833
43,16,ingroup,-0.5,555.1038829371746
43,17,ingroup,-0.5,840.5073842598149
43,18,ingroup,-0.5,799.025084725522
43,19,ingroup,-0.5,579.5055623343304
43,20,ingroup,-0.5,715.0615258401697
43,21,ingroup,-0.5,1040.7731239519276
43,22,ingroup,-0.5,758.7741917901537
43,23,ingroup,-0.5,616.2963465685368
43,24,ingroup,-0.5,624.317342795748
43,25,ingroup,-0.5,850.8991274173266
43,26,outgroup,0.5,612.3121927388817
43,27,outgroup,0.5,520.8782395659256
43,28,outgroup,0.5,896.1425005709814
43,29,outgroup,0.5,843.7449403168685
43,30,outgroup,0.5,1257.9120800886851
43,31,outgroup,0.5,532.162439385923
43,32,outgroup,0.5,857.8528823445195
43,33,outgroup,0.5,1020.02781876876
43,34,outgroup,0.5,961.159981725019
43,35,outgroup,0.5,817.3262346787498
43,36,outgroup,0.5,762.945993645588
43,37,outgroup,0.5,812.3966234452489
43,38,outgroup,0.5,1166.2933860978858
43,39,outgroup,0.5,908.6880292791286
43,40,outgroup,0.5,514.4923102353489
43,41,outgroup,0.5,1162.911183745186
43,42,outgroup,0.5,1041.2504373075499
43,43,outgroup,0.5,838.6293153234418
43,44,outgroup,0.5,863.4651246152195
43,45,outgroup,0.5,759.5813441714739
43,46,outgroup,0.5,933.9573908234818
43,47,outgroup,0.5,692.9357711354628
43,48,outgroup,0.5,775.9728510743472
43,49,outgroup,0.5,658.1840734085871
43,50,outgroup,0.5,1029.9133135914713
44,1,ingroup,-0.5,1063.7016128512312
44,2,ingroup,-0.5,640.615769202095
44,3,ingroup,-0.5,715.7268729579949
44,4,ingroup,-0.5,1226.085917600383
44,5,ingroup,-0.5,822.4038232377509
44,6,ingroup,-0.5,879.9326545278834
44,7,ingroup,-0.5,1082.264275659621
44,8,ingroup,-0.5,1115.385761274687
44,9,ingroup,-0.5,1040.5414873957054
44,10,ingroup,-0.5,971.1596031362144
44,11,ingroup,-0.5,502.3324718842677
44,12,ingroup,-0.5,828.5545997934368
44,13,ingroup,-0.5,960.1391780397203
44,14,ingroup,-0.5,893.8054092116654
44,15,ingroup,-0.5,494.83177034358584
44,16,ingroup,-0.5,686.7178367692086
44,17,ingroup,-0.5,1009.9065524236064
44,18,ingroup,-0.5,1000.2444463459162
44,19,ingroup,-0.5,652.0650261324485
44,20,ingroup,-0.5,808.9441277064981
44,21,ingroup,-0.5,847.1389187373744
44,22,ingroup,-0.5,949.1871583065899
44,23,ingroup,-0.5,1142.1438441537234
44,24,ingroup,-0.5,595.3217937293668
44,25,ingroup,-0.5,779.1425683080396
44,26,outgroup,0.5,969.1282842036638
44,27,outgroup,0.5,594.7216169405357
44,28,outgroup,0.5,1069.0236276328858
44,29,outgroup,0.5,902.4844064493755
44,30,outgroup,0.5,1402.4760999592365
44,31,outgroup,0.5,362.291230742817
44,32,outgroup,0.5,1291.770423871393
44,33,outgroup,0.5,1231.0767061377317
44,34,outgroup,0.5,1068.514311381087
44,35,outgroup,0.5,1019.2881027107611
44,36,outgroup,0.5,939.8917354457835
44,37,outgroup,0.5,1217.1342865307552
44,38,outgroup,0.5,771.6473472585204
44,39,outgroup,0.5,1121.5471637715227
44,40,outgroup,0.5,1174.3701343650764
44,41,outgroup,0.5,1263.9215698573553
44,42,outgroup,0.5,984.2951913820207
44,43,outgroup,0.5,899.6007166507273
44,44,outgroup,0.5,1097.907734154867
44,45,outgroup,0.5,1021.1308917882076
44,46,outgroup,0.5,1327.899737988068
44,47,outgroup,0.5,1061.2436159752654
44,48,outgroup,0.5,919.9931811670608
44,49,outgroup,0.5,1183.4338197110103
44,50,outgroup,0.5,1051.616947939153
45,1,ingroup,-0.5,607.5194468570438
45,2,ingroup,-0.5,774.248270319622
45,3,ingroup,-0.5,1016.9610819917555
45,4,ingroup,-0.5,500.670031441509
45,5,ingroup,-0.5,434.4491920754185
45,6,ingroup,-0.5,1072.54037054841
45,7,ingroup,-0.5,770.094034001708
45,8,ingroup,-0.5,1172.996685602534
45,9,ingroup,-0.5,699.8791794509849
45,10,ingroup,-0.5,836.4380250342928
45,11,ingroup,-0.5,874.7380225713038
45,12,ingroup,-0.5,705.0339709326829
45,13,ingroup,-0.5,772.9976541992613
45,14,ingroup,-0.5,766.838310454383
45,15,ingroup,-0.5,1428.1180417370654
45,16,ingroup,-0.5,797.8065555358198
45,17,ingroup,-0.5,835.7927667294251
45,18,ingroup,-0.5,834.7206656929076
45,19,ingroup,-0.5,832.455345072689
45,20,ingroup,-0.5,975.7461801802716
45,21,ingroup,-0.5,745.3400394196841
45,22,ingroup,-0.5,753.0800041267374
45,23,ingroup,-0.5,730.4609165799616
45,24,ingroup,-0.5,746.3934308825812
45,25,ingroup,-0.5,1206.2044638898246
45,26,outgroup,0.5,495.8862034698504
45,27,outgroup,0.5,1208.9184666283552
45,28,outgroup,0.5,789.6465026910224
45,29,outgroup,0.5,1077.2393970437004
45,30,outgroup,0.5,340.217317683755
45,31,outgroup,0.5,921.7998514471195
45,32,outgroup,0.5,954.1096968672099
45,33,outgroup,0.5,559.9256319294304
45,34,outgroup,0.5,552.5284634010424
45,35,outgroup,0.5,813.3279269017851
45,36,outgroup,0.5,1095.5161338879664
45,37,outgroup,0.5,627.5053992106375
45,38,outgroup,0.5,688.6688140969204
45,39,outgroup,0.5,1081.5614408365554
45,40,outgroup,0.5,653.0701027737914
45,41,outgroup,0.5,1022.9299803556339
45,42,outgroup,0.5,978.0553691686391
45,43,outgroup,0.5,579.3325901768078
45,44,outgroup,0.5,688.6161065996091
45,45,outgroup,0.5,901.3466163877201
45,46,outgroup,0.5,887.5892073719833
45,47,outgroup,0.5,1033.8806394334874
45,48,outgroup,0.5,555.3656345211546
45,49,outgroup,0.5,456.7095652939662
45,50,outgroup,0.5,1154.601150029299
46,1,ingroup,-0.5,515.7109698938978
46,2,ingroup,-0.5,693.3218684979156
46,3,ingroup,-0.5,945.017958439686
46,4,ingroup,-0.5,797.4541562479719
46,5,ingroup,-0.5,825.6633980597933
46,6,ingroup,-0.5,783.8329163720387
46,7,ingroup,-0.5,802.503610595091
46,8,ingroup,-0.5,822.82054465826
46,9,ingroup,-0.5,780.5958704266096
46,10,ingroup,-0.5,761.5211963929416
46,11,ingroup,-0.5,927.7388138780739
46,12,ingroup,-0.5,764.034929170489
46,13,ingroup,-0.5,617.9967716760304
46,14,ingroup,-0.5,851.7609059521834
46,15,ingroup,-0.5,974.6906384342105
46,16,ingroup,-0.5,1197.6930741144874
46,17,ingroup,-0.5,617.2186207392459
46,18,ingroup,-0.5,806.3232007522288
46,19,ingroup,-0.5,1026.0346569359856
46,20,ingroup,-0.5,924.9750129624865
46,21,ingroup,-0.5,650.1029432589518
46,22,ingroup,-0.5,850.68937581625255
46,23,ingroup,-0.5,510.75952219606495
46,24,ingroup,-0.5,609.0250670944936
46,25,ingroup,-0.5,907.7863542872541
46,26,outgroup,0.5,882.3204674380747
46,27,outgroup,0.5,963.9688333714497
46,28,outgroup,0.5,823.3069682062437
46,29,outgroup,0.5,1244.2538459429306
46,30,outgroup,0.5,952.5531887785662
46,31,outgroup,0.5,735.1460291147979
46,32,outgroup,0.5,998.8160171577041
46,33,outgroup,0.5,650.7089365464874
46,34,outgroup,0.5,758.0860007928983
46,35,outgroup,0.5,1134.7373246276209
46,36,outgroup,0.5,908.4239728914712
46,37,outgroup,0.5,1042.246121499258
46,38,outgroup,0.5,768.5524009533733
46,39,outgroup,0.5,387.12956086361896
46,40,outgroup,0.5,781.9398289146461
46,41,outgroup,0.5,957.3611091030319
46,42,outgroup,0.5,1257.0550605922365
46,43,outgroup,0.5,761.2578579716819
46,44,outgroup,0.5,956.8282643946511
46,45,outgroup,0.5,631.1700435151429
46,46,outgroup,0.5,713.9488596465737
46,47,outgroup,0.5,672.8404423404033
46,48,outgroup,0.5,1028.9776274899632
46,49,outgroup,0.5,1067.1119096358173
46,50,outgroup,0.5,1143.2115832809616
47,1,ingroup,-0.5,985.6911063978989
47,2,ingroup,-0.5,1071.8452265750157
47,3,ingroup,-0.5,384.3476391597815
47,4,ingroup,-0.5,1088.3708295830436
47,5,ingroup,-0.5,559.9991522789212
47,6,ingroup,-0.5,475.60533462987377
47,7,ingroup,-0.5,1117.0601174126668
47,8,ingroup,-0.5,1074.6506699562876
47,9,ingroup,-0.5,606.1559594777463
47,10,ingroup,-0.5,823.9344240259179
47,11,ingroup,-0.5,461.16048977738467
47,12,ingroup,-0.5,726.213422410824
47,13,ingroup,-0.5,736.3145854929489
47,14,ingroup,-0.5,714.8531268992502
47,15,ingroup,-0.5,932.8643272485792
47,16,ingroup,-0.5,1001.186042232034
47,17,ingroup,-0.5,571.2218629679685
47,18,ingroup,-0.5,817.4830768264926
47,19,ingroup,-0.5,1129.3083368532516
47,20,ingroup,-0.5,555.3302457200424
47,21,ingroup,-0.5,213.45253262228232
47,22,ingroup,-0.5,772.9928942807126
47,23,ingroup,-0.5,398.9182749460376
47,24,ingroup,-0.5,554.1738921059123
47,25,ingroup,-0.5,1019.6983887879294
47,26,outgroup,0.5,1346.7770459911567
47,27,outgroup,0.5,674.3026810525469
47,28,outgroup,0.5,1141.7692354742358
47,29,outgroup,0.5,862.5852186739012
47,30,outgroup,0.5,844.013610403364
47,31,outgroup,0.5,1050.630386126735
47,32,outgroup,0.5,897.1576662340755
47,33,outgroup,0.5,719.4952741433215
47,34,outgroup,0.5,687.7107828244212
47,35,outgroup,0.5,987.4493275415407
47,36,outgroup,0.5,475.1589004306097
47,37,outgroup,0.5,1075.3534550600923
47,38,outgroup,0.5,495.6633128151575
47,39,outgroup,0.5,847.2775850787901
47,40,outgroup,0.5,916.0670740997232
47,41,outgroup,0.5,1167.5844000911566
47,42,outgroup,0.5,1001.6709130070111
47,43,outgroup,0.5,896.4826415431409
47,44,outgroup,0.5,1037.4161554801103
47,45,outgroup,0.5,654.8875217632198
47,46,outgroup,0.5,874.2168682903082
47,47,outgroup,0.5,1059.9771853755713
47,48,outgroup,0.5,888.0164698094674
47,49,outgroup,0.5,620.1070818933814
47,50,outgroup,0.5,1148.226356889848
48,1,ingroup,-0.5,931.8230607043365
48,2,ingroup,-0.5,940.4363223678341
48,3,ingroup,-0.5,865.442307620526
48,4,ingroup,-0.5,1337.4042394569365
48,5,ingroup,-0.5,724.0057204425323
48,6,ingroup,-0.5,850.4094878816809
48,7,ingroup,-0.5,1027.8940451098645
48,8,ingroup,-0.5,735.6982990587663
48,9,ingroup,-0.5,628.419568370643
48,10,ingroup,-0.5,870.0314748925557
48,11,ingroup,-0.5,876.5922660023015
48,12,ingroup,-0.5,1142.390582489781
48,13,ingroup,-0.5,819.8708433499074
48,14,ingroup,-0.5,1219.7340644394073
48,15,ingroup,-0.5,771.0861388777091
48,16,ingroup,-0.5,532.4167216248775
48,17,ingroup,-0.5,431.12618880583574
48,18,ingroup,-0.5,1202.7776246782405
48,19,ingroup,-0.5,1020.8840916737286
48,20,ingroup,-0.5,753.0070642281303
48,21,ingroup,-0.5,833.4902917338098
48,22,ingroup,-0.5,1145.400030464965
48,23,ingroup,-0.5,974.3937803726241
48,24,ingroup,-0.5,711.0864334593331
48,25,ingroup,-0.5,615.2844319001995
48,26,outgroup,0.5,1149.5107642855958
48,27,outgroup,0.5,1069.6556940482365
48,28,outgroup,0.5,908.6421456344535
48,29,outgroup,0.5,1035.9793229735596
48,30,outgroup,0.5,486.2800412885148
48,31,outgroup,0.5,748.4288947602776
48,32,outgroup,0.5,1016.6983471625942
48,33,outgroup,0.5,950.4601606221931
48,34,outgroup,0.5,600.68917246143906
48,35,outgroup,0.5,1128.5496461286727
48,36,outgroup,0.5,1250.234378154506
48,37,outgroup,0.5,743.5707545105103
48,38,outgroup,0.5,847.2741502685143
48,39,outgroup,0.5,1064.2883039186759
48,40,outgroup,0.5,1202.1579816733604
48,41,outgroup,0.5,878.4951234708273
48,42,outgroup,0.5,863.467225593578
48,43,outgroup,0.5,1020.3840394426884
48,44,outgroup,0.5,589.8594936139687
48,45,outgroup,0.5,705.5490586431462
48,46,outgroup,0.5,1143.3882084265842
48,47,outgroup,0.5,558.9747650226695
48,48,outgroup,0.5,586.4404637684818
48,49,outgroup,0.5,902.3235540325261
48,50,outgroup,0.5,1035.4945266917418
49,1,ingroup,-0.5,942.9341242505195
49,2,ingroup,-0.5,690.4522221101081
49,3,ingroup,-0.5,688.8887566951814
49,4,ingroup,-0.5,1307.7310446010288
49,5,ingroup,-0.5,898.0978235957606
49,6,ingroup,-0.5,879.8262929288921
49,7,ingroup,-0.5,625.3459226509312
49,8,ingroup,-0.5,680.9670120901332
49,9,ingroup,-0.5,1104.3114298568505
49,10,ingroup,-0.5,446.1816507693701
49,11,ingroup,-0.5,668.9370339047948
49,12,ingroup,-0.5,927.7494709344305
49,13,ingroup,-0.5,951.6263474993582
49,14,ingroup,-0.5,981.639060769682
49,15,ingroup,-0.5,746.2343027578711
49,16,ingroup,-0.5,522.3387164946287
49,17,ingroup,-0.5,593.7401497118043
49,18,ingroup,-0.5,636.4106863755289
49,19,ingroup,-0.5,920.186136428932
49,20,ingroup,-0.5,838.0251662963547
49,21,ingroup,-0.5,1152.5183980281918
49,22,ingroup,-0.5,736.2345343632533
49,23,ingroup,-0.5,394.0711225153352
49,24,ingroup,-0.5,951.5920666911263
49,25,ingroup,-0.5,909.3023255958043
49,26,outgroup,0.5,712.4853148237892
49,27,outgroup,0.5,473.6458179750368
49,28,outgroup,0.5,990.7837876359107
49,29,outgroup,0.5,1010.2012748923972
49,30,outgroup,0.5,659.5881618343319
49,31,outgroup,0.5,816.3892189233036
49,32,outgroup,0.5,702.2022770120043
49,33,outgroup,0.5,929.1890033592198
49,34,outgroup,0.5,661.2920242462679
49,35,outgroup,0.5,684.2447131139979
49,36,outgroup,0.5,867.6300758582762
49,37,outgroup,0.5,702.5811251101829
49,38,outgroup,0.5,593.8475091069927
49,39,outgroup,0.5,682.6615956828782
49,40,outgroup,0.5,855.4660485692524
49,41,outgroup,0.5,853.4271404462266
49,42,outgroup,0.5,1173.3433837370972
49,43,outgroup,0.5,507.4528577876458
49,44,outgroup,0.5,760.8227930140464
49,45,outgroup,0.5,849.5526679737155
49,46,outgroup,0.5,1168.7584296084008
49,47,outgroup,0.5,812.6207845533609
49,48,outgroup,0.5,651.5286717346614
49,49,outgroup,0.5,716.6526507408591
49,50,outgroup,0.5,1006.4543256455738
50,1,ingroup,-0.5,468.56240290336257
50,2,ingroup,-0.5,810.2886735379395
50,3,ingroup,-0.5,508.4656587469431
50,4,ingroup,-0.5,581.4387676380877
50,5,ingroup,-0.5,817.9003276128001
50,6,ingroup,-0.5,1141.829626193044
50,7,ingroup,-0.5,1281.897319717567
50,8,ingroup,-0.5,833.6166981615622
50,9,ingroup,-0.5,616.054735843921
50,10,ingroup,-0.5,665.1542866127543
50,11,ingroup,-0.5,876.0209489475899
50,12,ingroup,-0.5,344.8536101540511
50,13,ingroup,-0.5,905.3725916584041
50,14,ingroup,-0.5,790.6663261273629
50,15,ingroup,-0.5,738.0301451077327
50,16,ingroup,-0.5,393.2697933976426
50,17,ingroup,-0.5,721.984056495981
50,18,ingroup,-0.5,594.9766773352876
50,19,ingroup,-0.5,899.6685569105074
50,20,ingroup,-0.5,542.9315688514888
50,21,ingroup,-0.5,844.297376109239
50,22,ingroup,-0.5,863.1702173967055
50,23,ingroup,-0.5,576.2373882575228
50,24,ingroup,-0.5,650.1751465923196
50,25,ingroup,-0.5,713.9598447937196
50,26,outgroup,0.5,813.8031857189033
50,27,outgroup,0.5,673.7084652958531
50,28,outgroup,0.5,869.5449981333362
50,29,outgroup,0.5,932.8382011500888
50,30,outgroup,0.5,861.5898983730863
50,31,outgroup,0.5,962.1958355866043
50,32,outgroup,0.5,1202.9023489442618
50,33,outgroup,0.5,1046.6069930219378
50,34,outgroup,0.5,1167.0543944950964
50,35,outgroup,0.5,810.7415253113966
50,36,outgroup,0.5,1302.5864905763474
50,37,outgroup,0.5,1065.0908020276108
50,38,outgroup,0.5,660.8559973084909
50,39,outgroup,0.5,1013.4300167858502
50,40,outgroup,0.5,796.7047432779113
50,41,outgroup,0.5,1188.5210797983218
50,42,outgroup,0.5,946.05626276386
50,43,outgroup,0.5,918.9772189284663
50,44,outgroup,0.5,851.9861376934359
50,45,outgroup,0.5,739.9592163021384
50,46,outgroup,0.5,1343.9290231166315
50,47,outgroup,0.5,1112.9256489682639
50,48,outgroup,0.5,976.4688027926785
50,49,outgroup,0.5,980.0348568183659
50,50,outgroup,0.5,1258.0062880917249
